node,anom_score,is_anom
1.37263987562e+18,-0.06742079923417293,0
1.3726558666200005e+18,-0.08994049471348664,0
1.3726875516200005e+18,0.014815181380440745,1
1.3726974526200003e+18,0.055710965876528684,1
1.3727066846200003e+18,0.0328653390754432,1
1.3727600636200008e+18,0.0009537171332086869,1
1.37277274062e+18,-0.00866144175174799,0
1.3727730456200003e+18,0.04866171543810549,1
1.3727784506200003e+18,-0.023048255805104723,0
1.37278231062e+18,0.022965038691883266,1
1.3728358896200005e+18,-0.0818229138331229,0
1.3728691776200003e+18,0.01925834230419199,1
1.3728702156200003e+18,0.01528863837649147,1
1.37287724962e+18,-0.05305550536287723,0
1.3729251536200005e+18,0.035820452772236555,1
1.3729285056200005e+18,0.010303356962540366,1
1.3729734886200003e+18,-0.027229881252681942,0
1.3729890746200003e+18,0.04273121406912461,1
1.3730124566200005e+18,-0.06553355722178705,0
1.3730231306200008e+18,-0.005429006087894761,0
1.3730509016200005e+18,-0.04746310938202125,0
1.3731160766200005e+18,-0.07184021487982056,0
1.3731359986200008e+18,-0.01851208492480083,0
1.3731503186200008e+18,0.03465803508777987,1
1.3731581386200003e+18,0.014182469277439824,1
1.3731931256200003e+18,0.011489305265508731,1
1.3731975086200003e+18,-0.05443223245421852,0
1.3732200936200005e+18,0.004612841220739461,1
1.3732834306200008e+18,0.021009038096099664,1
1.3732936136200005e+18,-0.029254413750068042,0
1.3733033236200005e+18,-0.03235080772095872,0
1.3733243166200003e+18,0.032662945450172676,1
1.3733648236200003e+18,-0.03897988628817217,0
1.3733693156200008e+18,-0.029811189205094568,0
1.3733735696200005e+18,-0.03586254839962727,0
1.3733906686200005e+18,-0.008583580017992254,0
1.3734492696200005e+18,-0.07595180361163079,0
1.3734771966200005e+18,0.047055698082474895,1
1.3734805006200005e+18,-0.0397540257132426,0
1.37348112162e+18,0.017949353982166683,1
1.3734818266200003e+18,0.045960986176354135,1
1.37351513562e+18,0.01494526296185128,1
1.3735202626200008e+18,-0.04282339797876239,0
1.37352726362e+18,-0.015403677541004801,0
1.3735514456200005e+18,-0.05032242741221271,0
1.3736252396200005e+18,0.022657260132820434,1
1.3736343136200005e+18,-0.06134209736571411,0
1.3736373356200005e+18,-0.03278975088752811,0
1.37366103162e+18,-0.027743214415808903,0
1.37368827062e+18,0.028598180288081032,1
1.3737298426200005e+18,0.032018151000202555,1
1.3737733706200003e+18,0.041255377813069205,1
1.3737788626200003e+18,0.030419211007455815,1
1.3738341926200003e+18,-0.03648144948028037,0
1.3738407006200003e+18,-0.02322283320284413,0
1.37384576462e+18,-0.03160695925389845,0
1.3738778406200003e+18,-0.0060145837412569625,0
1.3738914076200003e+18,-0.08123947620495936,0
1.37389997862e+18,-0.0054709264467550645,0
1.3739595746200003e+18,-0.09509352725416287,0
1.3739613576200005e+18,0.017345373378686246,1
1.3739633526200005e+18,-0.013002635308660249,0
1.3739678086200003e+18,-0.03171345594920888,0
1.3739756396200005e+18,0.03458093984407096,1
1.3740549366200005e+18,-0.08888083251999213,0
1.3740563636200003e+18,-0.06334914494497579,0
1.3740706976200005e+18,-0.00950802964822145,0
1.3741631576200005e+18,-0.0017412920109011742,0
1.3741880646200003e+18,-0.023083650476804884,0
1.3742163266200008e+18,0.03635948612546358,1
1.37426725062e+18,-0.03434316339860721,0
1.3743171496200005e+18,-0.0011364082869223524,0
1.3743659826200005e+18,0.036129953266448744,1
1.37442061062e+18,-0.04616080513874704,0
1.37443374362e+18,-0.07033608448805179,0
1.3744772156200003e+18,-0.027276506993928362,0
1.37447812862e+18,-0.05093556536508864,0
1.3744810716200005e+18,0.025598061444582987,1
1.3744872056200003e+18,-0.012369787997364878,0
1.3745061986200005e+18,0.048850189229611374,1
1.3745095266200003e+18,-0.06566823247802978,0
1.37451538662e+18,0.01916864554950437,1
1.3745684056200003e+18,0.033882394372129476,1
1.37457588862e+18,-0.04188528132512781,0
1.3745762376200005e+18,-0.007710248383140494,0
1.3745970066200003e+18,0.01583616883273392,1
1.3746111496200005e+18,0.0036153397663084563,1
1.3747431376200008e+18,0.0357832361678041,1
1.3747478996200005e+18,-0.004536034581509418,0
1.3748018926200005e+18,-0.05538679017269882,0
1.3748335636200005e+18,-0.022958225615340333,0
1.3748561356200003e+18,-0.0904475820006807,0
1.3748974146200005e+18,-0.035231659190949616,0
1.3749223336200005e+18,-0.08098462753612451,0
1.3749488196200005e+18,-0.045142002335636755,0
1.3749882996200003e+18,0.0156992663815107,1
1.3750439006200003e+18,-0.05362717561021535,0
1.3751062146200003e+18,-0.03490147667451149,0
1.3751372446200003e+18,-0.03522356685591549,0
1.3751400836200008e+18,-0.01182230097664061,0
1.3751620916200008e+18,-0.07602130234745946,0
1.3751622816200005e+18,-0.037663171590708255,0
1.3752082816200005e+18,-0.057371228080546954,0
1.3752764316200008e+18,0.01727315811838226,1
1.3753585156200005e+18,0.03831987553331706,1
1.3753608106200003e+18,0.03705207153921486,1
1.3754338406200003e+18,-0.08151098302770282,0
1.3755577376200005e+18,-0.012525409902675422,0
1.37561019362e+18,-0.033740341044453004,0
1.3756255366200005e+18,-0.0034094416420669127,0
1.3756302946200005e+18,-0.07888972214323725,0
1.3757199736200005e+18,-0.09320112142063436,0
1.3758042206200003e+18,-0.09082706620468206,0
1.3758849146200005e+18,-0.06779183827139135,0
1.3758906416200003e+18,0.02465369736882872,1
1.3759523636200005e+18,-0.03293145424059957,0
1.3759689246200008e+18,-0.082622367134781,0
1.37597890962e+18,-0.043113635823110286,0
1.3760202626200005e+18,-0.09202021477213379,0
1.3760467906200003e+18,-0.049488837598263224,0
1.3761362716200003e+18,-0.044626369931218324,0
1.3761545176200003e+18,-0.040432082590083074,0
1.3761670836200003e+18,0.04044961762439481,1
1.3762967406200005e+18,-0.0334527795681368,0
1.3764705126200003e+18,0.011086925674241355,1
1.3765096426200003e+18,-0.027730261090566644,0
1.3765268256200005e+18,-0.049545285490906144,0
1.3765373646200005e+18,0.057016102623977605,1
1.3765556176200003e+18,-0.03229994274339398,0
1.3766037096200003e+18,0.0017720415372457499,1
1.3766319546200003e+18,0.014881209829914366,1
1.37663701962e+18,0.0008663509743550013,1
1.3767068816200005e+18,0.022120345909920736,1
1.3767113616200005e+18,-0.020902530292258803,0
1.3767167326200005e+18,0.05495280964436022,1
1.3767464966200003e+18,0.020107643222908145,1
1.3767559786200005e+18,0.0056276391104272405,1
1.37678332862e+18,-0.014353202493150807,0
1.3770142536200008e+18,-0.05114869205312339,0
1.37712813562e+18,0.0021178445783812117,1
1.37714464262e+18,0.04130529642363778,1
1.3771682366200003e+18,-0.005448151823578551,0
1.3771920176200003e+18,-0.03305272254818603,0
1.3772674236200005e+18,0.051993003393945414,1
1.3772816776200005e+18,-0.03683056023680559,0
1.3773503316200003e+18,-0.05696018808686304,0
1.3773532356200005e+18,-0.050764327740478565,0
1.3774009796200003e+18,-0.011654508132238728,0
1.3774590156200003e+18,0.002212175868138766,1
1.3775033426200003e+18,-0.08471014608800903,0
1.3776537076200005e+18,0.015692326321580463,1
1.3776820096200003e+18,0.010483196700666775,1
1.3776906726200005e+18,-0.02985803534095277,0
1.3776907596200005e+18,0.02601265681164089,1
1.3777842176200003e+18,0.015397613374778352,1
1.3777954986200005e+18,-0.03821482657285491,0
1.3777991046200003e+18,-0.022603345282813714,0
1.3778529706200008e+18,-0.06048151656337036,0
1.3778580586200003e+18,-0.04423192833313394,0
1.37789346462e+18,-0.008573951881068409,0
1.3779314616200003e+18,-0.0642677314833986,0
1.3781287716200005e+18,-0.040700610121606084,0
1.3782169276200005e+18,-0.021786570898546853,0
1.3782363616200005e+18,-0.05702280889374228,0
1.3783028756200003e+18,0.008495243680081588,1
1.37830967662e+18,0.009961282279315475,1
1.3783126006200005e+18,-0.04231000117635536,0
1.3783209286200008e+18,0.015483276933518308,1
1.3784628636200005e+18,-0.03430376015997244,0
1.3784734686200003e+18,0.0005788785372241034,1
1.3784824276200003e+18,0.03643342949577921,1
1.3785004736200003e+18,-0.016599717502694067,0
1.3785291166200008e+18,0.042685488872080235,1
1.3785435676200005e+18,-0.06407557938787095,0
1.3785463796200003e+18,-0.041715849043406195,0
1.3785492946200003e+18,-0.06000289162962169,0
1.3785656486200005e+18,-0.03998029945890019,0
1.37861864262e+18,0.02242859279660203,1
1.3786697606200003e+18,0.01883087001002859,1
1.3787191906200005e+18,-0.04051107886695382,0
1.3787413956200008e+18,0.026304657729959602,1
1.37874660462e+18,-0.0945370411465628,0
1.3787498976200003e+18,-0.03167899475772251,0
1.3788198696200008e+18,-0.003701817249739836,0
1.3788503386200003e+18,0.01120670697542353,1
1.3788517826200005e+18,0.0506415791662852,1
1.37890861662e+18,-0.0406289429312271,0
1.37891164562e+18,0.026781250384233624,1
1.3789294976200005e+18,-0.037243916359444296,0
1.3789729626200005e+18,-0.004337476575285715,0
1.3789789496200008e+18,-0.014335961746178794,0
1.37898377862e+18,-0.07646301294364621,0
1.3790411306200008e+18,-0.023347192442166154,0
1.3791462036200005e+18,0.015819341331287262,1
1.3791627736200005e+18,0.03937443925187667,1
1.37917178162e+18,-0.06838051240766585,0
1.3791883526200005e+18,-0.05348048675632505,0
1.3791886886200003e+18,0.009349258655599602,1
1.37919799462e+18,-0.06775988524512155,0
1.37920977762e+18,0.04719357095101484,1
1.3792111276200005e+18,0.0215460142415973,1
1.3792131356200005e+18,0.030958903740041954,1
1.3792155746200005e+18,0.035271676473322966,1
1.3792221176200005e+18,-0.029449348678217357,0
1.3792263456200008e+18,-0.045930793335812015,0
1.3792302256200005e+18,-0.005893218199548522,0
1.3792528266200005e+18,-0.05720807532390931,0
1.3793496006200005e+18,-0.011077952275994396,0
1.3793945216200003e+18,-0.03424174235773875,0
1.37940512262e+18,-0.025759334173011628,0
1.37944979062e+18,-0.018014427554528978,0
1.3794937666200005e+18,-0.005154235757348802,0
1.3795035566200005e+18,-0.08470435374137586,0
1.37950683662e+18,-0.004030338441377401,0
1.3795420386200003e+18,0.006474747895616306,1
1.3795470376200005e+18,0.035807980916922166,1
1.3795826936200003e+18,0.01125895620176709,1
1.3796621736200008e+18,0.017938853117932974,1
1.3796707596200003e+18,0.010836229109392248,1
1.3796770286200003e+18,-0.0033063902437708848,0
1.3796774406200005e+18,0.02278511245591286,1
1.37969066262e+18,0.002513304997309229,1
1.37970189162e+18,-0.0036260861353982765,0
1.3797168186200003e+18,-0.056464652606720234,0
1.3797305896200003e+18,0.01400763111783998,1
1.37973191462e+18,-0.02112251989239544,0
1.3797981036200003e+18,0.011155751119162283,1
1.37980856862e+18,0.007718402685832404,1
1.3798179766200005e+18,-0.050674360644919425,0
1.3798249766200003e+18,-0.03412720114820428,0
1.3798321146200005e+18,-0.04163769841102738,0
1.3798670536200005e+18,-0.08833631396942554,0
1.3798791776200005e+18,-0.004263220530458245,0
1.3798987556200003e+18,-0.04055516403845438,0
1.3799018386200005e+18,-0.031468530381309257,0
1.3799225936200003e+18,-0.05535507145457508,0
1.37996468662e+18,0.014583805653638593,1
1.38000944362e+18,0.0274379813381892,1
1.3800110306200003e+18,-0.07632602097539126,0
1.3800119696200003e+18,0.024600372994191266,1
1.3800239916200005e+18,0.011692698573084026,1
1.38002444562e+18,-0.03635530939982634,0
1.3800418806200003e+18,0.021820177100031257,1
1.3800997246200003e+18,0.002392507000915034,1
1.3801002566200003e+18,0.005590214572082808,1
1.3801149966200003e+18,-0.08258630635409003,0
1.3801528656200005e+18,-0.003301199662854859,0
1.3801625986200003e+18,0.028628162124342493,1
1.3802601656200008e+18,-0.06327261990547073,0
1.3802793146200003e+18,-0.05526121955321861,0
1.3802799796200008e+18,0.015810048349152894,1
1.3802869416200005e+18,-0.08863196498108061,0
1.3802917446200005e+18,-0.06861157128818429,0
1.38031049962e+18,-0.06095765902359668,0
1.3803458646200003e+18,-0.00916793459179538,0
1.3803484526200003e+18,0.013019277631148185,1
1.3803547386200005e+18,-0.015913974492183736,0
1.3803694796200008e+18,0.015319327014802542,1
1.3803938846200005e+18,0.04043159609958269,1
1.38039788262e+18,-0.041936517708265286,0
1.3804240026200003e+18,0.04960960089149369,1
1.3804913956200005e+18,-0.026395217446814945,0
1.38054546862e+18,0.00028192384749958777,1
1.3805618536200003e+18,0.033433456060170785,1
1.3806263346200003e+18,-0.028584759384942426,0
1.3806281766200005e+18,-0.05887204569094173,0
1.3806388456200003e+18,0.003919829205331904,1
1.3807132966200003e+18,0.010981931914956944,1
1.3807142516200005e+18,0.02809706479277352,1
1.38071472862e+18,0.04355341112047828,1
1.3807351386200003e+18,0.048233619856063004,1
1.3807488966200005e+18,-0.03566065002690144,0
1.3807664836200003e+18,0.037896308960588376,1
1.3807895656200005e+18,-0.025970964890077997,0
1.3808366486200003e+18,-0.07883659268591153,0
1.3808375876200005e+18,-0.03242891386229252,0
1.38086490562e+18,-0.09073112947857997,0
1.3809155676200003e+18,-0.03610764153167706,0
1.3809221196200005e+18,0.08475875525677001,1
1.3809250396200008e+18,-0.021011985847619374,0
1.3809479976200003e+18,0.07302723608223038,1
1.3809862396200008e+18,-0.010785144865364749,0
1.3810004606200008e+18,-0.017032944739995948,0
1.3810493466200003e+18,-0.041757268043081275,0
1.38106879662e+18,0.031671804183001306,1
1.3810833066200005e+18,0.02400353830813806,1
1.38112644562e+18,-0.049192594434229964,0
1.38121432062e+18,0.00925795553564035,1
1.3813062686200003e+18,0.056750909815073136,1
1.3813138906200003e+18,-0.013077745863654344,0
1.3813198996200003e+18,-0.07406975114939757,0
1.3813680546200008e+18,-0.06711153789187924,0
1.3813991726200003e+18,0.019227726384400068,1
1.38140122062e+18,-0.03614906596518558,0
1.3814039096200003e+18,0.03115456253590021,1
1.3814179566200003e+18,0.034486874006172785,1
1.38148695062e+18,0.026914270375874128,1
1.3815215786200003e+18,-0.03117246586655792,0
1.3815358436200003e+18,0.03162556284240026,1
1.3815672066200005e+18,-0.05892221460973518,0
1.3815790016200003e+18,-0.005390281970596267,0
1.3816720456200003e+18,0.012997108189875706,1
1.3817361156200003e+18,-0.02219417864404244,0
1.3818233056200008e+18,-0.06671864861307963,0
1.3818502116200003e+18,-0.011062021272341904,0
1.38185445162e+18,-0.0032125803685822407,0
1.3819198036200003e+18,-0.0481195071320466,0
1.38192964962e+18,-0.012269872293602824,0
1.38193025362e+18,-0.05925527262244057,0
1.3819423866200003e+18,-0.028570836474177408,0
1.3819446476200005e+18,0.001317498631811631,1
1.38194594562e+18,-0.006054328225652106,0
1.3819505326200003e+18,-0.06248744228930725,0
1.3820379946200003e+18,-0.07762411441997963,0
1.3820913306200003e+18,-0.06170310132192702,0
1.3820984466200003e+18,-0.01751018999900461,0
1.3821036316200003e+18,-0.010206085184445546,0
1.3821075716200005e+18,-0.01853201699441187,0
1.3821105556200008e+18,-0.008252972358079036,0
1.3821385266200005e+18,0.025231129917092754,1
1.38218703062e+18,-0.07138829255602636,0
1.3821932756200003e+18,-0.006124192856658717,0
1.3821940656200008e+18,-0.056181727436417805,0
1.3822288496200008e+18,0.03404877483256541,1
1.3823446176200005e+18,0.009782758601756536,1
1.3824665716200005e+18,0.01710787709578654,1
1.3824789796200003e+18,-0.006621508119957209,0
1.38251123262e+18,-0.03660749911874028,0
1.38251474162e+18,0.027580799947413026,1
1.3825222646200005e+18,-0.0051155284274990165,0
1.38252591962e+18,0.02230329828921418,1
1.3825391846200003e+18,0.01721365267467234,1
1.3825804916200005e+18,0.029424091815879128,1
1.3825975476200003e+18,-0.049272011602538635,0
1.3826009536200008e+18,0.0030365438010226398,1
1.3826090096200005e+18,-0.0052542509081724975,0
1.3826960086200003e+18,-0.016447473743718077,0
1.38271562762e+18,-0.03517792266935926,0
1.3828369036200005e+18,-0.056890334178150814,0
1.38285098362e+18,-0.023976415725574685,0
1.3829088296200005e+18,0.048941178622949444,1
1.3829204176200008e+18,-0.044734355529987835,0
1.3829277106200005e+18,-0.03510694608062809,0
1.3829764706200005e+18,-0.08356115017685384,0
1.3830484936200005e+18,0.009981764221420386,1
1.3830568516200003e+18,-0.00618156703222883,0
1.3830581156200003e+18,-0.009851124617454132,0
1.38307207962e+18,-0.004641329700984409,0
1.3831190406200003e+18,-0.026828843813371306,0
1.38321503762e+18,-0.04703711609198613,0
1.3832155516200005e+18,0.005518769506378474,1
1.3832192746200005e+18,0.00679241109006079,1
1.38323323362e+18,-0.008023531463228428,0
1.3832727656200003e+18,-0.06485293096929479,0
1.3832749916200003e+18,-0.04213578849300226,0
1.3832898816200005e+18,-0.014905881920204977,0
1.3832909356200005e+18,-0.01155572838659219,0
1.3833298266200005e+18,-0.08491542385572415,0
1.3833619906200008e+18,-0.04153457905997521,0
1.3833708806200003e+18,0.04437050369563822,1
1.38337685062e+18,-0.02933678853410343,0
1.3833804866200003e+18,-0.09206972776854172,0
1.3834200606200005e+18,-0.0582113128465645,0
1.3834251436200005e+18,-0.04269856742013267,0
1.3834411226200003e+18,-0.04973057254891944,0
1.3834442676200003e+18,0.01213350274416014,1
1.38344828062e+18,-0.022310793284949837,0
1.38346714962e+18,0.026338185889078214,1
1.3834758846200003e+18,0.03107615025705157,1
1.3835045916200003e+18,-0.002208704327566813,0
1.38357651062e+18,0.021788100609378858,1
1.3835869276200003e+18,-0.018343477993748802,0
1.3835937836200003e+18,-0.02033144414788607,0
1.3836077706200005e+18,-0.04423189850322179,0
1.3836812756200003e+18,-0.06982571694296075,0
1.38368255262e+18,-0.036075106825042114,0
1.3837294666200005e+18,0.021249104787181783,1
1.38374710662e+18,0.038539066630027374,1
1.38374796262e+18,-0.022121561495386632,0
1.3837588136200003e+18,-0.05499024271598524,0
1.38381684562e+18,-0.01759333148321901,0
1.38391437762e+18,-0.042331776002136334,0
1.3839423616200005e+18,-0.007202369157208677,0
1.3839854006200005e+18,0.049932757529665084,1
1.38400536362e+18,-0.04686818991026015,0
1.3841040756200005e+18,0.005869901180537651,1
1.3841558156200005e+18,0.024228889090240013,1
1.3841933156200003e+18,-0.0879689454828061,0
1.38420198162e+18,-0.053278312887216905,0
1.3842318196200003e+18,0.0395025887490309,1
1.3843214146200003e+18,0.03174800469045036,1
1.3843404056200005e+18,-0.05648677483340564,0
1.3843570596200005e+18,0.03415692363125067,1
1.3843582826200003e+18,-0.03314187574939442,0
1.3844013966200008e+18,0.03350181744358327,1
1.3844143586200005e+18,-0.0817179761267271,0
1.3844148976200008e+18,0.04635831817968272,1
1.3844278836200003e+18,-0.03490083323254095,0
1.38445069862e+18,-0.004427813962841198,0
1.3845727416200003e+18,-0.025128210637157034,0
1.3845805116200005e+18,-0.06975133277811735,0
1.3846020926200003e+18,0.010112990277431455,1
1.3846348066200003e+18,0.013144040654670064,1
1.3847013366200003e+18,-0.032074055915362165,0
1.3847205566200003e+18,-0.013883750849405796,0
1.3847641046200003e+18,0.002713045182804963,1
1.3847662036200005e+18,0.029614656098038927,1
1.3847686516200008e+18,-0.08440718243665563,0
1.3848425396200003e+18,-0.062384233954839496,0
1.3848789946200005e+18,-0.09101353137079415,0
1.38496142562e+18,0.016665433811691388,1
1.3850292226200005e+18,0.03141139465922482,1
1.3850379776200003e+18,-0.0254672060750627,0
1.3850471106200003e+18,-0.02238046333115662,0
1.3850553656200003e+18,0.00547832257475922,1
1.3850616236200003e+18,0.041691221797691136,1
1.3850707606200005e+18,0.060852714183960765,1
1.3851062546200005e+18,-0.03818763445245871,0
1.3851674886200005e+18,-0.03758048546552045,0
1.38517173862e+18,0.0038815971609991173,1
1.3852388246200008e+18,0.021213304265912503,1
1.3852578966200003e+18,-0.044907660850504016,0
1.3852637146200005e+18,0.008301167872565907,1
1.38527923962e+18,-0.061201448540351755,0
1.3853161426200005e+18,0.00019430008680876298,1
1.3853405216200003e+18,-0.039300105356240234,0
1.3853722146200003e+18,-0.0947087852011419,0
1.3853747946200005e+18,0.07363900436335069,1
1.3853753556200003e+18,-0.07877565668002062,0
1.3853785066200003e+18,-0.08190156421768208,0
1.3853825656200005e+18,-0.07677318196472455,0
1.38541004062e+18,0.04215723950985906,1
1.3854601566200005e+18,0.02343625773819502,1
1.3854618096200005e+18,0.002984183622372849,1
1.3854630176200003e+18,-0.012553276763151322,0
1.3855093766200003e+18,0.06249641922589089,1
1.3855696296200005e+18,0.06957609226633865,1
1.3855802916200005e+18,0.029767648154277015,1
1.3857503906200005e+18,-0.056035760598467266,0
1.38575749262e+18,-0.007015118974395218,0
1.3857592836200003e+18,0.008436309619723303,1
1.3857663476200008e+18,0.01192267333198932,1
1.3858117926200003e+18,0.06906809336081643,1
1.3858395156200005e+18,0.061320549865083285,1
1.3858438566200003e+18,-0.05720030624871908,0
1.38587747262e+18,-0.011012434694837758,0
1.3858994026200005e+18,-0.043886048651737675,0
1.3859329816200005e+18,-0.006592205432285114,0
1.3860054566200003e+18,0.019625246938061114,1
1.3860761956200005e+18,0.03529150740404574,1
1.3861538046200005e+18,-0.010148607696751522,0
1.3861729156200005e+18,-0.0560242454204678,0
1.3861931086200003e+18,0.03636629895623522,1
1.38623386262e+18,-0.02784057383492422,0
1.3862346966200005e+18,-0.08486302947830032,0
1.3863351976200005e+18,0.014242259662808676,1
1.3863487756200005e+18,-0.005730271914661633,0
1.3864345426200005e+18,-0.0644013150703241,0
1.3864790486200003e+18,-0.013168885618914383,0
1.38651323562e+18,0.08291279659510442,1
1.38652189562e+18,0.06312626241078345,1
1.38659477762e+18,-0.003608312397345159,0
1.3866627376200005e+18,0.008345558237791484,1
1.3866714756200003e+18,0.04127689726826056,1
1.3867083946200005e+18,0.004841279876936,1
1.3867926516200005e+18,-0.03255513745075117,0
1.38689571562e+18,-0.007765912638218908,0
1.3869036136200005e+18,-0.03553095098446052,0
1.3869454556200005e+18,0.018397340281271046,1
1.3869635436200003e+18,-0.07289704898965305,0
1.3869640906200003e+18,0.03962147662572779,1
1.38699934762e+18,-0.04919889743583167,0
1.3870014246200005e+18,-0.059858317121406435,0
1.3870655526200003e+18,-0.04294505639355101,0
1.3870878046200003e+18,-0.010131285843171134,0
1.3870935886200003e+18,-0.03624556578380128,0
1.3870982516200003e+18,0.03275327060060074,1
1.3871739966200005e+18,-0.006317343841104772,0
1.3872111636200003e+18,-0.0761092195816403,0
1.3873637346200008e+18,-0.05565904467982852,0
1.3874550996200005e+18,-0.00929085493720716,0
1.3874956526200005e+18,0.009460019258264785,1
1.3875120826200003e+18,-0.10049504699424355,0
1.3875143046200003e+18,-0.0011223714907984128,0
1.3875503756200005e+18,0.007993303593413603,1
1.3875562856200003e+18,0.02497242823157908,1
1.38756291862e+18,-0.012633864794982574,0
1.3875779256200003e+18,0.018344304085380347,1
1.3876677356200003e+18,0.03462858363558363,1
1.3876742906200003e+18,-0.037778898595507926,0
1.3877163986200005e+18,-0.0034792903461089986,0
1.3877938146200003e+18,-0.023448529607520252,0
1.3878183476200003e+18,-0.06419320107471393,0
1.3878207536200005e+18,-0.029275273749837016,0
1.38782528362e+18,0.01643813202164235,1
1.3878373766200003e+18,-0.0023808089158887658,0
1.3878608296200003e+18,0.02391926779953124,1
1.3879392866200005e+18,-0.02525017142461694,0
1.3880003486200003e+18,0.014776957807242863,1
1.3880391866200003e+18,-0.020533075066016315,0
1.38804025562e+18,-0.012594366617153185,0
1.3880511066200003e+18,0.023928711480453946,1
1.3880527146200003e+18,0.015873372516163164,1
1.3881081156200003e+18,0.029552486455079463,1
1.3881552656200005e+18,-0.07433175210534865,0
1.3881996726200008e+18,0.010587303842444051,1
1.3882526576200005e+18,-0.007067400146755443,0
1.3882699246200003e+18,-0.02887777662095775,0
1.3884350346200005e+18,-0.0677821233833526,0
1.3884527196200008e+18,0.03751185685576697,1
1.3885207816200005e+18,0.020230905216824246,1
1.3885478876200003e+18,0.07013376665114801,1
1.3885501436200003e+18,-0.025234701062286258,0
1.3885524556200005e+18,0.02505852309646206,1
1.3886834246200003e+18,0.08254179622890445,1
1.3887963646200008e+18,-0.02408983241874918,0
1.3888653616200003e+18,0.0008892804606026039,1
1.3888759546200005e+18,-0.024957868261074934,0
1.38896245562e+18,-0.03312409294731816,0
1.3890024846200003e+18,-0.004430123832817101,0
1.3890058296200008e+18,-0.03988227413137557,0
1.38909589762e+18,0.050320832444134544,1
1.3891067326200008e+18,-0.02069864284998707,0
1.3891123116200003e+18,-0.0036670848818419755,0
1.3891820216200005e+18,-0.04367621891401485,0
1.3892757256200008e+18,0.0018805786970072513,1
1.3893379276200005e+18,-0.014538076163566338,0
1.3893662626200005e+18,-0.02122071180192986,0
1.3894012896200005e+18,-0.02441235997147423,0
1.38946500062e+18,-0.04778784177694151,0
1.3894987766200005e+18,0.006243595198434593,1
1.3895244576200003e+18,0.05293835315387441,1
1.3896048906200005e+18,-0.02232522565262207,0
1.3896077236200003e+18,-0.007142157716181874,0
1.3896136176200005e+18,-0.06832649725840345,0
1.3896278446200005e+18,-0.015030235199239739,0
1.38964534062e+18,0.033504953781861024,1
1.38972868562e+18,0.06583959614869617,1
1.3897760156200005e+18,-0.03253081565653965,0
1.3897839046200003e+18,0.005708475997213858,1
1.3897963806200005e+18,-0.04487303494846212,0
1.3898155266200003e+18,0.02997819052560058,1
1.3898959246200005e+18,0.028377902394452148,1
1.3899030536200005e+18,-0.04730607206759485,0
1.3899633236200003e+18,0.03336716469619749,1
1.3899766536200005e+18,0.026038667493719747,1
1.3900705536200003e+18,0.017639746978023507,1
1.3900706846200003e+18,0.012782537608204525,1
1.3900824696200003e+18,-0.03819441283432534,0
1.3902127266200003e+18,-0.04054221678058684,0
1.3902338516200005e+18,-0.05039883518905203,0
1.3902371346200003e+18,0.018648857221864268,1
1.3902790256200008e+18,0.05502758739217539,1
1.39031632262e+18,-0.01903968454985011,0
1.39033254562e+18,0.024003092559067185,1
1.3904080366200003e+18,0.037323901957018624,1
1.39041098362e+18,0.04775647212160827,1
1.3904187726200005e+18,-0.01345319121305294,0
1.3904686666200003e+18,0.021024564754623665,1
1.3905090716200003e+18,0.005260540911694034,1
1.3905370476200005e+18,-0.00033533782731959283,0
1.3905555266200005e+18,0.04058975108987595,1
1.3905735536200008e+18,0.022303139994323762,1
1.3905782196200003e+18,0.03028698420703102,1
1.3905843236200005e+18,-0.003276069633233014,0
1.3906070496200005e+18,-0.030938144521752975,0
1.3906238556200003e+18,0.01698064861029791,1
1.3906445606200005e+18,-0.04327209352695688,0
1.3906971706200005e+18,-0.03527192282905672,0
1.3906971996200005e+18,0.03522197239701963,1
1.3907603746200003e+18,-0.05798201741458625,0
1.3908103626200005e+18,0.005500377783097199,1
1.3908375156200005e+18,-0.011275803255656136,0
1.3908482546200005e+18,0.011368381349335321,1
1.3908966326200005e+18,0.01927636534304733,1
1.3909204156200003e+18,-0.005153630910231577,0
1.3909316776200003e+18,-0.05756469515513457,0
1.39093339862e+18,-0.0668149206488175,0
1.3909464036200005e+18,-0.0014583615889880441,0
1.3909836846200008e+18,0.00594405384332386,1
1.3910596636200005e+18,0.038792334243179294,1
1.3910614206200005e+18,-0.009289402876388964,0
1.3911674746200005e+18,0.004148816812380607,1
1.3911883156200005e+18,-0.05837402427925098,0
1.3911951356200005e+18,0.004576998359375584,1
1.3913201436200003e+18,0.03643884629851091,1
1.3914210366200005e+18,0.05456178829724878,1
1.3914241826200003e+18,0.014353889351828908,1
1.3914494856200005e+18,0.035347420308303734,1
1.3914943736200003e+18,0.01203690955694059,1
1.3915316536200008e+18,0.004580533135237985,1
1.3915347356200008e+18,0.023244654545881094,1
1.3915442896200005e+18,0.014475349140973703,1
1.3916173246200003e+18,-0.0483404275082886,0
1.3916292796200005e+18,0.05683427878971081,1
1.391689514620001e+18,-0.08656120610822793,0
1.39171079462e+18,-0.001531339373238183,0
1.3917452076200005e+18,-0.0665174630734095,0
1.3917618136200005e+18,-0.028529713262695267,0
1.3917719716200003e+18,0.0335028587745001,1
1.3917806566200003e+18,-0.027312516500319572,0
1.3919016696200003e+18,-0.03670921430297369,0
1.3919211516200003e+18,-0.049705558674547345,0
1.3919454516200005e+18,-0.03792525157563603,0
1.3919621636200003e+18,-0.049020612895952664,0
1.3920227946200005e+18,-0.08579280005163886,0
1.3920499986200005e+18,-0.04436366969788014,0
1.3921179966200005e+18,-0.03796352979418266,0
1.3921748876200005e+18,-0.04946593273470301,0
1.3922226476200003e+18,0.03445757065659716,1
1.39222766562e+18,0.031195044540860306,1
1.3923253666200005e+18,0.003115435329832883,1
1.3923689736200008e+18,0.034513632746635436,1
1.3924285316200005e+18,-0.005262957505065502,0
1.3925317206200003e+18,0.006530459247117371,1
1.3926671816200003e+18,-0.029752643806029044,0
1.3927090706200005e+18,0.0006846547814906012,1
1.39280794762e+18,0.0030896583883765483,1
1.39282109862e+18,0.02052258336739521,1
1.3928232656200003e+18,0.04634157153222451,1
1.39284482762e+18,-0.015821920537554823,0
1.39285821862e+18,-0.030015895461099784,0
1.3928945836200003e+18,0.03586647584453739,1
1.39289628862e+18,0.009512072724632836,1
1.39292114462e+18,-0.07075818106015258,0
1.3929584386200003e+18,0.005673869094959649,1
1.3929710526200005e+18,0.02174652960024126,1
1.39299767462e+18,0.047525320132662974,1
1.3930100556200003e+18,0.01402290802375955,1
1.3930376166200005e+18,-0.04013669435539641,0
1.3930574096200003e+18,0.009081418626484483,1
1.39308457262e+18,-0.05617215075225407,0
1.3931126526200005e+18,0.007430583108676003,1
1.3931212136200003e+18,0.03387465950588253,1
1.3931241426200005e+18,0.012014376982041663,1
1.3931364356200003e+18,0.01929008564657242,1
1.3932708016200008e+18,-0.01640251777630819,0
1.39334059062e+18,-0.031095149694878976,0
1.3933424516200008e+18,-0.026892899998767317,0
1.3933536046200005e+18,-0.06225635073531027,0
1.3934112216200005e+18,-0.04161907278649446,0
1.3934346216200005e+18,-0.05147457934010857,0
1.393461555620001e+18,-0.03576737735693286,0
1.3935186146200005e+18,-0.08849280988025698,0
1.3935864006200003e+18,0.022096212179928187,1
1.39358983362e+18,-0.031733090846019885,0
1.3935985296200005e+18,-0.01752399365618712,0
1.3935994376200005e+18,-0.038182832714450166,0
1.3936006006200003e+18,-0.051563626069915214,0
1.3936046436200003e+18,-0.039437344752994374,0
1.3936317966200005e+18,0.010381216086429335,1
1.3936344506200005e+18,-0.056577482316859606,0
1.3936369826200003e+18,0.05235357798581364,1
1.39367200162e+18,0.06269823785941653,1
1.3936796976200005e+18,-0.06150241504085585,0
1.3937441846200005e+18,0.028042652766758658,1
1.3938019916200005e+18,-0.037187330984329914,0
1.39385032262e+18,-0.04562562750458232,0
1.3938660606200005e+18,-0.02876239329190783,0
1.3938668526200005e+18,0.035017547179820196,1
1.3939710966200003e+18,0.03439520085372971,1
1.3941261876200003e+18,-0.07261433584208943,0
1.3941322076200003e+18,0.01168728026365401,1
1.3941335946200005e+18,0.01981812576198505,1
1.39414604862e+18,-0.022259067235221086,0
1.3942097766200003e+18,0.009830095181796006,1
1.3942502996200005e+18,0.010694305531686599,1
1.3942819906200003e+18,-0.062299029179683274,0
1.3942863116200003e+18,0.027521975326192716,1
1.3942980956200003e+18,0.05407709579149922,1
1.3943152986200003e+18,0.02739344854060466,1
1.3943451676200005e+18,-0.013767808268634663,0
1.3944431376200005e+18,-0.048932778053359605,0
1.3944929376200005e+18,-0.008585891369185361,0
1.3945408286200003e+18,-0.009935402256345427,0
1.3945567126200005e+18,0.011252766644259227,1
1.3945767986200005e+18,-0.030360741369672983,0
1.3946044526200003e+18,-0.023564037251931902,0
1.3947004466200005e+18,0.003658228870512481,1
1.3947192226200003e+18,-0.011672141772396616,0
1.3947196866200003e+18,-0.011176550905817928,0
1.3948087176200003e+18,-0.05021289999379219,0
1.39489461062e+18,-0.05135183768763407,0
1.3948980456200003e+18,0.06757978099631001,1
1.3949353626200005e+18,0.02353689978635931,1
1.3949741996200003e+18,-0.005829880251509378,0
1.3949810046200005e+18,0.02916486540473573,1
1.3950454156200005e+18,0.011102316772196197,1
1.3950554446200005e+18,-0.014143464754169555,0
1.3950564876200003e+18,-0.0818103472383302,0
1.3951469646200003e+18,0.0019017993443543602,1
1.39514748362e+18,-0.09473684173752017,0
1.39516964562e+18,-0.017930645304272408,0
1.3951714016200005e+18,0.015775217806859754,1
1.39518553862e+18,-0.004086777293702326,0
1.3952314126200005e+18,-0.047476669369554136,0
1.3952446616200003e+18,-0.0501024940131331,0
1.3953062476200003e+18,-0.020018970405092096,0
1.39530887262e+18,-0.06112691524316971,0
1.3953515046200003e+18,-0.0017312669967335936,0
1.3953962006200005e+18,-0.02490371539964853,0
1.3954286606200005e+18,0.0016378642897627027,1
1.39543227862e+18,0.03808001332781574,1
1.3954652886200005e+18,-0.019104016104020627,0
1.3954700586200005e+18,-0.003263336345743162,0
1.3955297316200003e+18,0.026188539579201198,1
1.3955357196200003e+18,0.008561763537293987,1
1.3955366536200008e+18,-0.05520026879535206,0
1.3955406366200008e+18,-0.01723652167543427,0
1.3955485726200005e+18,0.04056030577140435,1
1.3956063786200003e+18,-0.030231334924619824,0
1.3956231576200005e+18,0.018472764788539986,1
1.3956623116200005e+18,-0.05729332759954031,0
1.3957377506200003e+18,0.039693200563652664,1
1.3957598886200003e+18,0.03260287040003618,1
1.39584023262e+18,-0.05364775572023084,0
1.39584841062e+18,-0.05923736385214218,0
1.3958608356200003e+18,0.007635898419209197,1
1.3959540506200005e+18,-0.010389727403324889,0
1.3959979066200003e+18,0.019234474277919467,1
1.3960020436200003e+18,0.004479167400176343,1
1.39602961062e+18,-0.03198279919927888,0
1.3961000266200005e+18,0.03851472777814835,1
1.396106270620001e+18,-0.0019514942283612169,0
1.39613895862e+18,0.005619191007312785,1
1.3961418246200005e+18,0.04493354878703959,1
1.3961521456200008e+18,-0.0009319333577684219,0
1.3963443936200003e+18,-0.025329828234390783,0
1.39635447662e+18,0.02342615689177585,1
1.39636102862e+18,-0.03350090136946021,0
1.39636904562e+18,-0.05171572888107667,0
1.3963960906200008e+18,-0.056270749499185424,0
1.3964254416200003e+18,0.05778608874376845,1
1.39643631562e+18,-0.02711343621891854,0
1.3964383786200005e+18,0.04225015444563096,1
1.39645224362e+18,-0.02423467157682213,0
1.3964559286200008e+18,-0.020112284135097136,0
1.3964875626200003e+18,-0.047470657550187034,0
1.3965750046200005e+18,0.08021271899940663,1
1.3966085286200005e+18,0.004922151256624485,1
1.3966199706200005e+18,-0.029920164168711905,0
1.3966574886200005e+18,-0.014919874975872216,0
1.3968835496200003e+18,0.01218762341411811,1
1.3969426566200003e+18,-0.021074258089373132,0
1.3969839446200008e+18,-0.05929105264543122,0
1.39703229162e+18,-0.004184159865700254,0
1.39707868462e+18,-0.06418108243089954,0
1.3970797156200008e+18,0.006931352577449257,1
1.3971555536200005e+18,-0.026097838463979228,0
1.3971609986200003e+18,0.008730831185161991,1
1.3971821346200003e+18,0.0037210153943442736,1
1.3972449816200005e+18,0.030828013270946975,1
1.39726422762e+18,-0.02652282784088794,0
1.397300812620001e+18,-0.03501947282013185,0
1.3973072036200003e+18,0.025245796696356293,1
1.3973591996200003e+18,0.046794600308689094,1
1.39746207862e+18,-0.014066736994134466,0
1.3974650746200003e+18,-0.04413329089754919,0
1.3975583316200003e+18,-0.042299636532125096,0
1.3975641926200005e+18,-0.046777700565603875,0
1.3975655066200005e+18,-0.046542873789138295,0
1.3975791896200003e+18,-0.05514652222855099,0
1.3977586346200005e+18,0.012586039101060986,1
1.3977957216200005e+18,-0.0023083950316260538,0
1.3978185816200005e+18,-0.05202045098024427,0
1.3978452716200003e+18,-0.055971782785127266,0
1.39791106362e+18,-0.02458183927398261,0
1.39806948762e+18,-0.04142796686788136,0
1.3980752356200005e+18,-0.008099371927858923,0
1.3981178576200003e+18,-0.0048037174867612276,0
1.3981404986200005e+18,-0.010659867579655535,0
1.3981748566200005e+18,0.029724666849747616,1
1.3982446416200008e+18,-0.026043100447960765,0
1.3982488106200003e+18,-0.066358745314679,0
1.3982738076200003e+18,-0.06391938993755475,0
1.3982835156200005e+18,-0.024867729019291074,0
1.3982888946200003e+18,0.0025748063214083294,1
1.39831778462e+18,-0.07980411091103867,0
1.3983292576200008e+18,0.02265836078667416,1
1.3983439206200003e+18,0.011845502633295368,1
1.3983544186200008e+18,-0.004362735304485166,0
1.3983577216200003e+18,-0.08929378537911259,0
1.39836911562e+18,-0.047425158636507814,0
1.3983879036200003e+18,0.041603053991308814,1
1.3984091696200005e+18,0.061720400445031576,1
1.3984132386200003e+18,-0.034710928214220504,0
1.3984486576200003e+18,-0.020011007255108404,0
1.3984736096200005e+18,-0.04544647440961985,0
1.3985118256200008e+18,-0.004647641454363749,0
1.3985382066200003e+18,-0.051478801726952295,0
1.3985516266200005e+18,-0.049025630964467715,0
1.3986160176200003e+18,0.018673141573450125,1
1.3986672406200003e+18,-0.044137457222413745,0
1.3986848206200003e+18,-0.060854099463507505,0
1.3986859436200008e+18,-0.07961684356611703,0
1.39870150462e+18,-0.037895264090109904,0
1.3987077536200005e+18,-0.10709525502794853,0
1.39876416162e+18,0.008061782081639324,1
1.3987824626200005e+18,-0.044008682821526146,0
1.3987865466200005e+18,-0.03881484508260502,0
1.3988477826200003e+18,-0.03410465786480188,0
1.3988898266200005e+18,0.023416661675924266,1
1.3989246356200005e+18,0.026571770311816678,1
1.39892835162e+18,-0.0915935704660496,0
1.3990128856200003e+18,-0.012455688698624123,0
1.39909030962e+18,0.03511896577119533,1
1.39911083562e+18,-0.03542353185174718,0
1.39912031662e+18,-0.0012565580649324115,0
1.3991492816200005e+18,-0.048341476842722164,0
1.3991625696200003e+18,-0.05046238096948241,0
1.3991900916200003e+18,-0.032173685180622025,0
1.39927600662e+18,-0.040548179754017366,0
1.3992951916200003e+18,-0.018579465058922273,0
1.39930919862e+18,-0.005324947117176182,0
1.3993280326200003e+18,-0.017255462829204204,0
1.3993820116200003e+18,0.039531069965703214,1
1.3994260456200005e+18,-0.015104648013499866,0
1.3994782176200003e+18,-0.02551192332892216,0
1.3995198846200003e+18,-0.08678707533981839,0
1.3995687246200003e+18,-0.03955882538216454,0
1.3996062266200005e+18,-0.022428128087240706,0
1.3996274486200003e+18,0.003543629256052949,1
1.3996448536200008e+18,-0.05193151023136988,0
1.3997057466200003e+18,0.027104811493902647,1
1.3997064036200003e+18,-0.03719201091128771,0
1.3997523726200005e+18,-0.0003129552979850847,0
1.3997552106200003e+18,0.005691185953316524,1
1.3997580006200005e+18,-0.009629361643180512,0
1.3997585056200005e+18,0.07212155358161454,1
1.3997588196200005e+18,0.011783934355282966,1
1.399759701620001e+18,-0.04489221768622548,0
1.3997806626200005e+18,0.004101488046908464,1
1.3998072576200005e+18,-0.04309479390706372,0
1.39981452562e+18,0.020942722031026983,1
1.3998286166200003e+18,0.002204088902844459,1
1.3998906506200003e+18,-0.03378635208420849,0
1.3999179826200003e+18,-0.04418433342285688,0
1.3999518016200005e+18,-0.09248268372282503,0
1.3999702876200005e+18,-0.09582268771745667,0
1.3999893086200003e+18,0.009102635555648386,1
1.3999905916200005e+18,0.0015474205186464807,1
1.3999963536200005e+18,-0.09627126649897622,0
1.4000949186200005e+18,0.020371602059226168,1
1.4001508286200005e+18,-0.006429901560306761,0
1.40024118162e+18,0.002179175709161707,1
1.40026045462e+18,0.0009146923273902763,1
1.4003077366200003e+18,0.002594825033247816,1
1.4003351156200008e+18,0.016661539326263464,1
1.4003877176200005e+18,0.052096774394158496,1
1.4003943756200003e+18,-0.07005222638939745,0
1.4004062276200005e+18,-0.032446125121143365,0
1.4004372386200003e+18,-0.027916608139768095,0
1.4004435016200003e+18,-0.01957895000704235,0
1.4004490696200008e+18,-0.025657569579597805,0
1.4004725266200005e+18,-0.05423048292313426,0
1.4004858856200005e+18,-0.0,0
1.40051283362e+18,-0.014627593467507194,0
1.4005598846200005e+18,-0.041358249360675226,0
1.40057059862e+18,-0.04973434984246783,0
1.40057601062e+18,0.028652240806482876,1
1.4005904566200005e+18,-0.039491496336871434,0
1.40065365362e+18,-0.027209585280382642,0
1.4006643456200003e+18,0.02887409119569473,1
1.4006850766200003e+18,-0.02191359153629796,0
1.4007448706200003e+18,0.01877116053676886,1
1.4007527246200003e+18,0.03655037873219613,1
1.4007557506200005e+18,-0.05824570795488848,0
1.4007846626200005e+18,-0.05513883614494347,0
1.4008364616200005e+18,0.013775442972553398,1
1.4008985076200008e+18,-0.0373294324800012,0
1.40093204762e+18,0.0023838595322017153,1
1.4009520636200003e+18,-0.05261279937999186,0
1.40109530362e+18,-0.04355423536131292,0
1.4011352006200003e+18,-0.05060689681163627,0
1.40114082362e+18,-0.05959572678344749,0
1.4011849326200003e+18,0.0165662795495769,1
1.4011937026200005e+18,0.021085439335376877,1
1.4011954266200003e+18,0.014573862940585769,1
1.4012060966200003e+18,0.016533833110764617,1
1.40121568462e+18,0.018161011284121953,1
1.4012277956200003e+18,-0.006657894647749518,0
1.4012661176200003e+18,-0.08893128070079065,0
1.40126771162e+18,-0.020682356220784626,0
1.4012685296200008e+18,-0.040410406971974455,0
1.40132469662e+18,-0.035096241459372235,0
1.40134565062e+18,0.014832600945037133,1
1.40136001562e+18,-0.04132935615449629,0
1.4013608926200005e+18,-0.02217560756871495,0
1.4013668746200005e+18,-0.023533714827507435,0
1.4013861896200003e+18,-0.006841095301825528,0
1.4013884536200003e+18,-0.01820939097547447,0
1.4013904726200003e+18,0.024949850948999264,1
1.4013978776200005e+18,-0.03350847844728172,0
1.40150190662e+18,0.028066564950880446,1
1.4015210016200005e+18,0.014695748931771446,1
1.4015462216200005e+18,-0.06650250397013063,0
1.4015746406200005e+18,-0.038807397623615125,0
1.4015896456200003e+18,0.06966878513952857,1
1.4015927056200003e+18,0.04133053601738479,1
1.4016043806200003e+18,-0.07969840571962084,0
1.4016067706200003e+18,-0.09118270577521748,0
1.4017072886200003e+18,0.00834008960100413,1
1.4017102766200008e+18,-0.008652466676135118,0
1.4017140816200003e+18,-0.06267565450986573,0
1.4017216956200003e+18,0.01250636558294832,1
1.4017365806200003e+18,-0.053877996899116154,0
1.40187628962e+18,0.007296176775852703,1
1.4018790256200005e+18,0.05917998068445762,1
1.4018867166200003e+18,0.009280804126610476,1
1.4019192666200003e+18,-0.04348465765584186,0
1.4019668846200003e+18,0.008614719420862449,1
1.40197388962e+18,0.058133696041770544,1
1.40199846162e+18,-0.01125202695908667,0
1.40202321662e+18,0.053527345912376956,1
1.4020441836200005e+18,-0.004959015101335507,0
1.4020636596200005e+18,0.020818505838805512,1
1.4021249986200005e+18,0.02556061858077696,1
1.4021645966200003e+18,0.017965102611188888,1
1.40216748562e+18,-0.001046921537343759,0
1.4021797256200003e+18,-0.04268886278206624,0
1.40218021662e+18,0.03724589026045466,1
1.40219816962e+18,0.03737461278210663,1
1.4021986626200005e+18,-0.00975198071233685,0
1.4022475396200003e+18,-0.08768118962609978,0
1.40230129262e+18,-0.003005749351357223,0
1.4023395886200005e+18,0.006803915277498129,1
1.40234144062e+18,-0.017327836560473153,0
1.40237496062e+18,-0.01422359611033791,0
1.4023976976200003e+18,-0.05243705990292158,0
1.40240765962e+18,-0.05524639126404968,0
1.4024093276200005e+18,0.0015544795617988827,1
1.4024538766200008e+18,-0.049958301418209394,0
1.4024576946200003e+18,-0.013321567905725917,0
1.40249429162e+18,-0.059285295879137834,0
1.4024968696200005e+18,-0.053111158138707704,0
1.4024999176200003e+18,0.028436150129031335,1
1.4024999816200005e+18,-0.0026111865228360953,0
1.4025721266200003e+18,-0.028970622399828616,0
1.4026593566200008e+18,-0.04804983197802193,0
1.40267826162e+18,-0.008648794179698716,0
1.4026839696200003e+18,-0.08843710836585505,0
1.4026842476200003e+18,-0.02246350027370364,0
1.4027776236200005e+18,0.03657376323850581,1
1.4028762986200003e+18,-0.012988365270715396,0
1.4029184936200003e+18,-0.03685769024827973,0
1.4029410296200003e+18,-0.03601408777345244,0
1.4030253776200003e+18,0.03298456358487689,1
1.4030316626200003e+18,0.06202734742527105,1
1.40321728462e+18,0.03037750406837114,1
1.4032203676200005e+18,0.00900431069452512,1
1.4032506996200005e+18,0.01424655835785249,1
1.40325206662e+18,-0.0621974787573889,0
1.4032573676200003e+18,0.04968730507832442,1
1.4033114556200003e+18,-0.02029282889932127,0
1.4033190146200008e+18,-0.049216834162485346,0
1.4033287606200005e+18,-0.0665074746799354,0
1.4033357646200008e+18,-0.024751417531206243,0
1.40336450362e+18,-0.03659846675105305,0
1.4033678196200003e+18,0.04506436603199837,1
1.40336989362e+18,-0.021257984280237563,0
1.4034041626200008e+18,0.031018792735108103,1
1.4034057736200003e+18,-0.013620317416084715,0
1.4034658146200005e+18,0.07384844370564247,1
1.4034904096200005e+18,0.018135666346625,1
1.4035074206200003e+18,-0.024023160607460237,0
1.4035132136200003e+18,0.015158671611121222,1
1.4035205526200003e+18,-0.054572856005617676,0
1.4035317426200005e+18,-0.041596874952941176,0
1.4035484756200005e+18,0.02195749328369334,1
1.4035776156200005e+18,-0.00860091707652988,0
1.4035858716200003e+18,-0.01592031713648051,0
1.4035939156200005e+18,-0.04752785180718472,0
1.4035959236200008e+18,-0.09028417046771198,0
1.4036202256200005e+18,0.009410197126970443,1
1.4036368636200003e+18,0.01977312793827335,1
1.4036565296200005e+18,-0.0003645378494643303,0
1.4036886656200008e+18,-0.0612385537341944,0
1.4036886726200005e+18,-0.01047563320097944,0
1.4036963156200005e+18,0.024269925312442653,1
1.4037988856200003e+18,0.02176197816336012,1
1.4038423176200005e+18,-0.024384590801063477,0
1.4038615966200003e+18,0.016227371001728108,1
1.40401177262e+18,0.022267357813843924,1
1.4040795836200005e+18,-0.07076645158753125,0
1.4041060556200005e+18,-0.09282342089580997,0
1.4041144616200005e+18,-0.07552559874064496,0
1.40411552762e+18,0.00867062285080511,1
1372639875620000009,-0.16762569208616568,0
1372655866620000514,-0.1672318629522101,0
1372687551620000465,-0.1674051797559507,0
1372697452620000267,-0.1676420735051139,0
1372706684620000281,-0.165033608233911,0
1372760063620000692,-0.1676479388715989,0
1372772740620000119,-0.16658864086136949,0
1372773045620000367,-0.1668941020516816,0
1372778450620000245,-0.16785069082519832,0
1372782310620000093,-0.1677517776702076,0
1372826073620000496,-0.1665825431945212,0
1372835889620000561,-0.16768166688533792,0
1372869177620000128,-0.16761746387361992,0
1372870215620000295,-0.1669730087303425,0
1372877249620000038,-0.16769408962568194,0
1372925153620000571,-0.16851973071936788,0
1372928505620000502,-0.16830043951750295,0
1372973488620000140,-0.1669460211584553,0
1372989074620000179,-0.16830043951750295,0
1373012456620000395,-0.16782268332254852,0
1373023130620000681,-0.16764837032959262,0
1373037897620000167,-0.1670696000034369,0
1373050901620000595,-0.16734400157647888,0
1373116076620000604,-0.1688486056125138,0
1373135998620000682,-0.16566101893359675,0
1373150318620000688,-0.1664622367261095,0
1373158138620000280,-0.16743974295820918,0
1373163886620000675,-0.1653347219826134,0
1373193125620000384,-0.16728200450302833,0
1373197508620000273,-0.16689904196352018,0
1373220093620000617,-0.16662986275149166,0
1373283430620000640,-0.1679928746607222,0
1373293613620000600,-0.1683803937335337,0
1373303323620000529,-0.16905642724512382,0
1373324316620000215,-0.16682889205520618,0
1373364823620000360,-0.16808039718469409,0
1373369315620000649,-0.16625690935022702,0
1373373569620000632,-0.1683803937335337,0
1373390668620000400,-0.1656955607409955,0
1373449269620000608,-0.16614723074168047,0
1373477196620000454,-0.16688489675770823,0
1373480500620000487,-0.1692292134927068,0
1373481121620000108,-0.16721177563258172,0
1373481826620000256,-0.16713256704609503,0
1373515135620000011,-0.16708213013862527,0
1373520262620000678,-0.1688486056125138,0
1373527263620000060,-0.16711101757590396,0
1373551445620000540,-0.16822027985005744,0
1373625239620000606,-0.16656113662652894,0
1373634313620000521,-0.16743660767998142,0
1373637335620000460,-0.16776025477000772,0
1373661031620000013,-0.16655497687827375,0
1373688270620000005,-0.16764476243205906,0
1373729842620000467,-0.16711576978664744,0
1373773370620000160,-0.16545627167090016,0
1373778862620000280,-0.1655660642267721,0
1373834192620000161,-0.1678968639067821,0
1373840700620000231,-0.1671003294463631,0
1373845764620000004,-0.16798618405358284,0
1373877840620000245,-0.1689023743706548,0
1373891407620000272,-0.1679390201983878,0
1373899978620000011,-0.16808833368484882,0
1373959574620000247,-0.1688245903169257,0
1373961357620000497,-0.16669969108809368,0
1373963352620000524,-0.16737638766897306,0
1373967808620000247,-0.16686304675796143,0
1373975639620000507,-0.1656739365781164,0
1374054936620000407,-0.16783561157474053,0
1374056363620000381,-0.1670493293595669,0
1374070697620000424,-0.1682702755640207,0
1374163157620000453,-0.16734181904334178,0
1374188064620000310,-0.16798782736972007,0
1374216326620000640,-0.16704760651044082,0
1374267250620000005,-0.16799451794206482,0
1374317149620000434,-0.16711936657775556,0
1374365982620000601,-0.16677826344184893,0
1374420610620000081,-0.16723104454689341,0
1374433743620000009,-0.16792772014300694,0
1374477215620000239,-0.16768339260599113,0
1374478128620000058,-0.16746898659307774,0
1374481071620000515,-0.16815481925103393,0
1374487205620000163,-0.16715279468156385,0
1374506198620000604,-0.1681531768033464,0
1374509526620000353,-0.1687813562969438,0
1374515386620000114,-0.16609199543459258,0
1374568405620000197,-0.16492888666408684,0
1374575888620000104,-0.1666184541201466,0
1374576237620000395,-0.16890073581066567,0
1374597006620000216,-0.1666839338600185,0
1374611149620000495,-0.1672236033931161,0
1374743137620000662,-0.1688355662065395,0
1374747899620000408,-0.1675045217494917,0
1374801892620000529,-0.1653095066954699,0
1374833563620000607,-0.16772053329260955,0
1374856135620000137,-0.16732312462558196,0
1374897414620000440,-0.16678755408564988,0
1374922333620000616,-0.1675782143965261,0
1374948819620000451,-0.16806705072044448,0
1374988299620000367,-0.167729076403832,0
1375043900620000356,-0.1688486056125138,0
1375106214620000199,-0.1678968639067821,0
1375137244620000359,-0.16689379585616948,0
1375140083620000648,-0.16689695725903564,0
1375162091620000672,-0.16833349480866966,0
1375162281620000483,-0.1678978857657497,0
1375208281620000591,-0.16820655161558073,0
1375276431620000692,-0.1667918592568865,0
1375358515620000397,-0.16806705072044448,0
1375360810620000361,-0.16733884919098713,0
1375433840620000166,-0.1682572122278398,0
1375557737620000450,-0.16856030234459113,0
1375610193620000080,-0.16782383001726342,0
1375625536620000633,-0.16762955451000655,0
1375630294620000633,-0.16891334755126186,0
1375719973620000600,-0.1692292134927068,0
1375804220620000273,-0.16690215363796157,0
1375884914620000596,-0.16764483000324437,0
1375890641620000131,-0.16779398583299054,0
1375952363620000569,-0.1684147966719191,0
1375968924620000663,-0.16465129756399088,0
1375978909620000007,-0.16780960146584478,0
1376020262620000409,-0.16805315430847523,0
1376046790620000131,-0.16596611689702134,0
1376136271620000281,-0.16758488320618875,0
1376154517620000256,-0.1671819830776432,0
1376167083620000340,-0.1677286109334829,0
1376296740620000410,-0.16672032077743432,0
1376470512620000364,-0.16661066055890544,0
1376509642620000359,-0.1668795710314515,0
1376526825620000560,-0.1684260801128432,0
1376537364620000392,-0.169134154078178,0
1376555617620000326,-0.16590036936698177,0
1376603709620000364,-0.16695075625139943,0
1376631954620000325,-0.16679350878413818,0
1376637019620000104,-0.1671821013685889,0
1376706881620000574,-0.16735737427231395,0
1376711361620000424,-0.16764264381640553,0
1376716732620000520,-0.16770567251268764,0
1376746496620000131,-0.16751973849366708,0
1376755978620000391,-0.16632962176151667,0
1376783328620000089,-0.16808833368484882,0
1377014253620000671,-0.1675486070796135,0
1377128135620000012,-0.16649034822552583,0
1377144642620000005,-0.16754507072513092,0
1377168236620000381,-0.16621928604745656,0
1377192017620000376,-0.16790545348337138,0
1377267423620000483,-0.1655060099022595,0
1377281677620000393,-0.16551954518916506,0
1377350331620000245,-0.16825527448926242,0
1377353235620000476,-0.1681493521189219,0
1377400979620000140,-0.16678192416000903,0
1377459015620000173,-0.1675209122229781,0
1377503342620000166,-0.1672030903634511,0
1377653707620000436,-0.1671589914299344,0
1377682009620000146,-0.16844185220038876,0
1377690672620000386,-0.168740387903432,0
1377690759620000578,-0.1685882280894091,0
1377784217620000152,-0.1684147966719191,0
1377795498620000450,-0.1670638688822702,0
1377799104620000380,-0.16666331346919067,0
1377852970620000680,-0.16727607210557444,0
1377858058620000331,-0.16648225802156608,0
1377893464620000113,-0.16905642724512382,0
1377931461620000226,-0.16776883305729134,0
1378128771620000406,-0.1675393626072808,0
1378216927620000541,-0.1692292134927068,0
1378236361620000541,-0.1688245903169257,0
1378302875620000373,-0.1680611928125188,0
1378309676620000113,-0.16837615737898098,0
1378312600620000487,-0.16751282232824105,0
1378320928620000648,-0.16785813743332856,0
1378462863620000625,-0.16688610363083806,0
1378473468620000307,-0.1683053404006063,0
1378482427620000137,-0.16697559168103454,0
1378500473620000328,-0.16629028330588796,0
1378529116620000648,-0.1667819788832831,0
1378543567620000470,-0.1674434871626181,0
1378546379620000217,-0.1675489443539414,0
1378549294620000364,-0.16703717336017865,0
1378565648620000508,-0.1680318545250663,0
1378618642620000105,-0.1671471937345485,0
1378669760620000217,-0.16787976975812757,0
1378719190620000473,-0.16849554281483314,0
1378741395620000685,-0.16755410228690676,0
1378746604620000066,-0.16736480947552496,0
1378749897620000142,-0.1680510037762366,0
1378819869620000662,-0.1672659176816177,0
1378850338620000199,-0.16827672532641574,0
1378851782620000626,-0.1678917115610961,0
1378908616620000044,-0.16590901962362986,0
1378911645620000010,-0.1649003108785287,0
1378929497620000430,-0.16834819643057153,0
1378972962620000389,-0.16784399720747373,0
1378978949620000672,-0.16793112194922977,0
1378983778620000020,-0.169134154078178,0
1379041130620000688,-0.1680631146277558,0
1379146203620000434,-0.1680318545250663,0
1379162773620000391,-0.16614947058428386,0
1379171781620000058,-0.16741710634210194,0
1379188352620000617,-0.168088441893552,0
1379188688620000160,-0.167442091886516,0
1379197994620000012,-0.16791813870530464,0
1379209777620000077,-0.1642881002368205,0
1379211127620000492,-0.1675868256059302,0
1379213135620000423,-0.166027250984701,0
1379215574620000541,-0.16803989716824003,0
1379222117620000554,-0.16821169882921383,0
1379226345620000665,-0.1692292134927068,0
1379230225620000539,-0.16803401782684863,0
1379252826620000440,-0.16683389090243828,0
1379349600620000472,-0.168731974503666,0
1379394521620000167,-0.1677395119973431,0
1379405122620000074,-0.16892638373892388,0
1379449790620000060,-0.16858658789568626,0
1379493766620000577,-0.16654361240433835,0
1379503556620000621,-0.16741840181818307,0
1379506836620000126,-0.1677260681412157,0
1379542038620000364,-0.16815807175647696,0
1379547037620000424,-0.16734847525341334,0
1379582693620000213,-0.16841344886731063,0
1379662173620000664,-0.16802006143397574,0
1379670759620000167,-0.1665278165858468,0
1379677028620000304,-0.16672810083845602,0
1379677440620000392,-0.1682404735232952,0
1379690662620000120,-0.1685100732797598,0
1379701891620000085,-0.1685992122108757,0
1379716818620000216,-0.16773950391142517,0
1379730589620000192,-0.1671335929366835,0
1379731914620000051,-0.16755685215404442,0
1379798103620000217,-0.168662563859252,0
1379808568620000031,-0.16673296591239378,0
1379817976620000600,-0.1671905828222175,0
1379824976620000311,-0.16749873535996868,0
1379832114620000571,-0.1679984325585554,0
1379867053620000560,-0.1674805870298433,0
1379879177620000520,-0.1675287956664696,0
1379898755620000333,-0.16855355089815888,0
1379901838620000611,-0.16715861723017378,0
1379922593620000254,-0.16573170330885534,0
1379964686620000095,-0.1681285957804297,0
1380009443620000084,-0.1681001642491139,0
1380011030620000224,-0.16613992160417013,0
1380011969620000216,-0.1684391364618787,0
1380023991620000591,-0.1663602072622703,0
1380024445620000068,-0.16771305719324298,0
1380041880620000166,-0.16721266135398544,0
1380099724620000263,-0.1686515819442277,0
1380100256620000297,-0.1655523794648588,0
1380114996620000325,-0.16882023889394254,0
1380152865620000424,-0.1689023743706548,0
1380162598620000179,-0.1680654078163123,0
1380260165620000669,-0.16729514704652904,0
1380279314620000341,-0.16820655161558073,0
1380279979620000672,-0.16758488320618875,0
1380286941620000608,-0.16675454613065555,0
1380291744620000602,-0.16882295135241654,0
1380310499620000092,-0.16633477541240838,0
1380345864620000367,-0.16813374426478256,0
1380348452620000137,-0.168125283534592,0
1380354738620000606,-0.16572773717203876,0
1380369479620000671,-0.1673473467796211,0
1380393884620000476,-0.16713877907372526,0
1380397882620000011,-0.16675377470688596,0
1380424002620000308,-0.16781677896133806,0
1380491395620000517,-0.1684287959637254,0
1380545468620000041,-0.16724680521175794,0
1380561853620000360,-0.16623210618170053,0
1380626334620000128,-0.16872940869890157,0
1380628176620000608,-0.16877468238502907,0
1380638845620000346,-0.16895429346678242,0
1380713296620000294,-0.1649365604293067,0
1380714251620000542,-0.1676575626596305,0
1380714728620000026,-0.16758993814095485,0
1380735138620000304,-0.16695948210451328,0
1380748896620000514,-0.1693068976796398,0
1380766483620000269,-0.16704220343598902,0
1380789565620000410,-0.1675276857724325,0
1380836648620000231,-0.16814499379361125,0
1380837587620000561,-0.16804886317865003,0
1380864905620000116,-0.16847264649984828,0
1380915567620000161,-0.1679502477619279,0
1380922119620000387,-0.16699847830391928,0
1380925039620000671,-0.1686218158980452,0
1380947997620000140,-0.1665657719866147,0
1380986239620000693,-0.1682052029215314,0
1381000460620000688,-0.16726230620988441,0
1381049346620000334,-0.16790506079836448,0
1381068796620000055,-0.16791771271997835,0
1381083306620000541,-0.1660416160405897,0
1381126445620000058,-0.16762569208616568,0
1381214320620000076,-0.16630426646359248,0
1381306268620000272,-0.16784775523153966,0
1381313890620000364,-0.1662697031968025,0
1381319899620000233,-0.168662563859252,0
1381368054620000657,-0.1663478402687213,0
1381399172620000161,-0.16752499585029668,0
1381401220620000020,-0.1688245903169257,0
1381403909620000205,-0.16805315430847523,0
1381417956620000303,-0.16629061354227243,0
1381486950620000002,-0.16773141251164886,0
1381521578620000157,-0.1673881699611165,0
1381535843620000242,-0.16744725115401887,0
1381567206620000400,-0.16697417264193654,0
1381579001620000356,-0.16757459919645884,0
1381672045620000207,-0.16582352222866592,0
1381736115620000380,-0.16814805912528935,0
1381823305620000678,-0.1672432658762869,0
1381850211620000361,-0.1658191249591256,0
1381854451620000047,-0.16699793383970868,0
1381919803620000372,-0.16635887615922756,0
1381929649620000045,-0.16645865738719084,0
1381930253620000051,-0.16833770533236536,0
1381942386620000344,-0.16799614648427663,0
1381944647620000521,-0.16809112374224527,0
1381945945620000109,-0.1693068976796398,0
1381950532620000380,-0.1667390980328179,0
1382037994620000333,-0.16648969101491062,0
1382091330620000286,-0.16730878192043752,0
1382098446620000256,-0.1693068976796398,0
1382103631620000254,-0.16882295135241654,0
1382107571620000572,-0.16713484737215217,0
1382110555620000688,-0.167948056977808,0
1382138526620000621,-0.16706141259028717,0
1382187030620000081,-0.16805407274789474,0
1382193275620000199,-0.16786613466881917,0
1382194065620000665,-0.16759524510779988,0
1382228849620000687,-0.16752302177036082,0
1382344617620000410,-0.16706635455344648,0
1382466571620000521,-0.16820721444514808,0
1382478979620000304,-0.16895429346678242,0
1382511232620000100,-0.16688531266684148,0
1382514741620000011,-0.16792005810141097,0
1382522264620000606,-0.1678411208734638,0
1382525919620000071,-0.16789673928571014,0
1382539184620000269,-0.1665806851705598,0
1382580491620000618,-0.16756633024366208,0
1382597547620000263,-0.16627009380204877,0
1382600953620000672,-0.16709272984735174,0
1382609009620000488,-0.16877468238502907,0
1382696008620000189,-0.16821784250265348,0
1382715627620000001,-0.16642282576007694,0
1382836903620000406,-0.16882295135241654,0
1382850983620000021,-0.16575745005232412,0
1382908829620000570,-0.16785337797884164,0
1382920417620000678,-0.16568046491758054,0
1382927710620000574,-0.16761746387361992,0
1382976470620000516,-0.1667364226120256,0
1383048493620000554,-0.16560773043019383,0
1383056851620000263,-0.16905642724512382,0
1383058115620000360,-0.16562419263361045,0
1383072079620000089,-0.1686996499994058,0
1383119040620000344,-0.167017104631682,0
1383215037620000044,-0.164683967985624,0
1383215551620000464,-0.16604604130911021,0
1383219274620000482,-0.16882295135241654,0
1383233233620000089,-0.16583891741246443,0
1383272765620000364,-0.1692292134927068,0
1383274991620000249,-0.1685493168679526,0
1383289881620000451,-0.1683053404006063,0
1383290935620000520,-0.16832671210300898,0
1383329826620000591,-0.1669038553416679,0
1383361990620000675,-0.16797421228406068,0
1383370880620000252,-0.16730878192043752,0
1383376850620000089,-0.16877468238502907,0
1383380486620000242,-0.1677302555891354,0
1383420060620000602,-0.16761360609771053,0
1383425143620000492,-0.16704307530149076,0
1383441122620000372,-0.1688245903169257,0
1383444267620000381,-0.16564369763304204,0
1383448280620000060,-0.16719045926134435,0
1383467149620000054,-0.1656017766692181,0
1383475884620000251,-0.16719383979048363,0
1383504591620000269,-0.1675782143965261,0
1383576510620000050,-0.16680918286802854,0
1383586927620000285,-0.1665777261962123,0
1383593783620000256,-0.16789198267682875,0
1383607770620000467,-0.16702484181697513,0
1383681275620000242,-0.16728341175118372,0
1383682552620000099,-0.16735944759692434,0
1383729466620000561,-0.16757027669329283,0
1383747106620000074,-0.16728677029118194,0
1383747962620000116,-0.16751140354624228,0
1383758813620000156,-0.16765803615268832,0
1383816845620000011,-0.1685733531399935,0
1383914377620000039,-0.167572185731858,0
1383942361620000545,-0.1662961796373461,0
1383985400620000618,-0.16718634751598654,0
1384005363620000042,-0.16600461688086549,0
1384104075620000625,-0.16656005511419025,0
1384155815620000435,-0.16794079711238485,0
1384193315620000338,-0.16830043951750295,0
1384201981620000095,-0.1682702755640207,0
1384231819620000333,-0.16721034618630587,0
1384321414620000263,-0.1680654078163123,0
1384340405620000541,-0.16727935135119082,0
1384357059620000467,-0.1675049337209214,0
1384358282620000167,-0.16832250143266714,0
1384401396620000671,-0.1682943460440282,0
1384414358620000486,-0.1678637888872334,0
1384414897620000664,-0.16847264649984828,0
1384427883620000308,-0.16696236912517326,0
1384450698620000118,-0.16579104647110732,0
1384572741620000325,-0.16785725159534143,0
1384580511620000492,-0.1669011053715197,0
1384602092620000187,-0.16706122620627023,0
1384634806620000303,-0.16624221388299,0
1384701336620000269,-0.1686499420799797,0
1384720556620000295,-0.1692292134927068,0
1384764104620000324,-0.16774999049931305,0
1384766203620000529,-0.1677214469446987,0
1384768651620000648,-0.1667683058596301,0
1384842539620000184,-0.16797795016641953,0
1384878994620000577,-0.1666597896997617,0
1384961425620000092,-0.1668269321532833,0
1385029222620000503,-0.16538542785518062,0
1385037977620000267,-0.16812714340286727,0
1385047110620000359,-0.16654531418198443,0
1385055365620000224,-0.16641278839105988,0
1385061623620000309,-0.16845448230900362,0
1385070760620000591,-0.1689023743706548,0
1385106254620000476,-0.16759613471566082,0
1385167488620000619,-0.16756973878492581,0
1385171738620000057,-0.16803621683341702,0
1385238824620000688,-0.16767112428061948,0
1385257896620000337,-0.16711520687489345,0
1385263714620000525,-0.165003428828857,0
1385279239620000060,-0.1684540830426361,0
1385316142620000453,-0.1658016209131875,0
1385340521620000332,-0.16771819106795272,0
1385372214620000242,-0.16607655648732594,0
1385374794620000504,-0.16775441818656595,0
1385375355620000370,-0.16835763489735872,0
1385378506620000192,-0.16777255877175612,0
1385382565620000435,-0.16728505872210497,0
1385410040620000118,-0.16790563063552327,0
1385413640620000517,-0.16703281933112502,0
1385460156620000535,-0.16631218933683228,0
1385461809620000403,-0.1669788622940394,0
1385463017620000156,-0.16750449811045282,0
1385467206620000391,-0.1685992122108757,0
1385509376620000363,-0.16776652195456443,0
1385569629620000621,-0.1674777455139425,0
1385580291620000594,-0.1661562185181354,0
1385750390620000529,-0.168740387903432,0
1385757492620000038,-0.16762569208616568,0
1385759283620000347,-0.16607141962817573,0
1385766347620000648,-0.16650111917790478,0
1385811792620000207,-0.16764599739358654,0
1385832510620000080,-0.16782986052106302,0
1385839515620000525,-0.164643681563298,0
1385843856620000192,-0.16631388467455588,0
1385877472620000023,-0.16829155927400197,0
1385899402620000623,-0.16780073708116183,0
1385932981620000520,-0.1676592885117975,0
1386005456620000217,-0.1684540830426361,0
1386076195620000625,-0.1685882280894091,0
1386153804620000548,-0.1684029778916225,0
1386172915620000606,-0.16777472629906903,0
1386193108620000235,-0.16619765535625425,0
1386233862620000075,-0.16790563063552327,0
1386234696620000534,-0.1692292134927068,0
1386335197620000450,-0.16814499379361125,0
1386348775620000615,-0.16849554281483314,0
1386434542620000596,-0.16571960662931606,0
1386479048620000324,-0.16654234849483956,0
1386513235620000017,-0.16642971324696115,0
1386521895620000080,-0.16799795851989902,0
1386594777620000080,-0.16825527448926242,0
1386662737620000576,-0.16780666549062412,0
1386671475620000249,-0.16854767647186997,0
1386708394620000594,-0.16767321699507548,0
1386792651620000574,-0.1675694610742,0
1386895715620000080,-0.1680318545250663,0
1386903613620000577,-0.16731079429704554,0
1386945455620000569,-0.16741571425812285,0
1386947141620000080,-0.1670664277508923,0
1386963543620000197,-0.1663064016894243,0
1386964090620000148,-0.16872776923939564,0
1386999347620000119,-0.16649612184992002,0
1387001424620000496,-0.1682297380672576,0
1387065552620000179,-0.16586524234505673,0
1387086870620000006,-0.1670696000034369,0
1387087804620000325,-0.16753273841645033,0
1387093588620000372,-0.1655734934882387,0
1387098251620000331,-0.168430436978049,0
1387173996620000565,-0.16639989612396977,0
1387211163620000347,-0.16815050750825694,0
1387363734620000680,-0.16777152164203712,0
1387455099620000410,-0.1678676233424829,0
1387495652620000423,-0.16713484737215217,0
1387512082620000167,-0.16773211778350433,0
1387514304620000129,-0.16890073581066567,0
1387550375620000612,-0.1678041233259544,0
1387556285620000345,-0.168254175898093,0
1387562918620000004,-0.169134154078178,0
1387577925620000216,-0.16788810305204593,0
1387667735620000195,-0.16696159041603909,0
1387674290620000252,-0.16575639017749905,0
1387716398620000540,-0.16809788508665813,0
1387793814620000356,-0.16721231699792466,0
1387818347620000384,-0.16686880762788164,0
1387820753620000503,-0.16763896148298413,0
1387825283620000051,-0.16875343124754189,0
1387832528620000020,-0.16694530165032612,0
1387837376620000370,-0.16711785198464602,0
1387849037620000260,-0.1662451455582447,0
1387860829620000359,-0.16666608545801864,0
1387939286620000624,-0.16573486345309296,0
1388000348620000146,-0.1685992122108757,0
1388039186620000304,-0.16721609482100197,0
1388040255620000080,-0.1669680238763232,0
1388051106620000254,-0.16656067236034938,0
1388052714620000163,-0.16802682429943544,0
1388108115620000167,-0.16736669522691522,0
1388155265620000598,-0.1661915429889977,0
1388199672620000680,-0.16737156228796435,0
1388252657620000434,-0.1684260801128432,0
1388269924620000332,-0.16821423771679966,0
1388435034620000424,-0.1664897377656967,0
1388452719620000688,-0.1677761685998752,0
1388520781620000571,-0.1692292134927068,0
1388547887620000326,-0.1679390201983878,0
1388550143620000179,-0.1686996499994058,0
1388552455620000586,-0.16858658789568626,0
1388683424620000257,-0.1686996499994058,0
1388796364620000680,-0.1667241079645153,0
1388846999620000111,-0.16731514039490963,0
1388865361620000158,-0.1678017332486213,0
1388875954620000497,-0.16729390764878443,0
1388962455620000089,-0.16784456715472246,0
1389002484620000136,-0.1688355662065395,0
1389005829620000671,-0.16852378831850956,0
1389095897620000047,-0.16758075837760167,0
1389106732620000678,-0.16846040878790908,0
1389112311620000148,-0.1640567072082919,0
1389182021620000465,-0.1673322475540694,0
1389275725620000697,-0.1680204244700868,0
1389337927620000455,-0.168731974503666,0
1389366262620000604,-0.16751411965743246,0
1389401289620000473,-0.16767917250521103,0
1389465000620000108,-0.1680636841799636,0
1389498776620000541,-0.16742111872757465,0
1389524457620000346,-0.1680788712318726,0
1389604890620000529,-0.1684287959637254,0
1389607723620000235,-0.16663560759879148,0
1389613617620000423,-0.16527304806759013,0
1389627844620000518,-0.16690069093336568,0
1389645340620000113,-0.1678840868510761,0
1389728685620000092,-0.16742651700173317,0
1389776015620000618,-0.16823452511204395,0
1389783904620000343,-0.16546150603340387,0
1389796380620000508,-0.16746925371436333,0
1389815526620000171,-0.1685733531399935,0
1389895924620000547,-0.1672508518535502,0
1389903053620000408,-0.16776652195456443,0
1389963323620000332,-0.16773715719014265,0
1389976653620000408,-0.16655351488141912,0
1390070553620000254,-0.16837451608237364,0
1390070684620000197,-0.16798618405358284,0
1390082469620000347,-0.167444866159421,0
1390212726620000314,-0.16755679553887376,0
1390233851620000561,-0.16891334755126186,0
1390237134620000304,-0.16565010933751861,0
1390279025620000678,-0.16525339080139878,0
1390316322620000074,-0.16825557031265204,0
1390332545620000086,-0.16643979427513939,0
1390408036620000174,-0.1686515819442277,0
1390410983620000022,-0.16677176383594172,0
1390418772620000426,-0.1655212085946574,0
1390468666620000184,-0.16789362648286255,0
1390509071620000199,-0.1670542040824513,0
1390537047620000403,-0.16769684283237024,0
1390555526620000443,-0.169134154078178,0
1390573553620000685,-0.16791870851888563,0
1390578219620000136,-0.16831561518774846,0
1390584323620000543,-0.168740387903432,0
1390607049620000569,-0.1670122854677642,0
1390623855620000199,-0.16726829178842761,0
1390644560620000529,-0.16780073708116183,0
1390697170620000473,-0.1680654078163123,0
1390697199620000435,-0.16611475464485653,0
1390760374620000364,-0.16895429346678242,0
1390810362620000400,-0.1684029778916225,0
1390837515620000571,-0.16463812705689013,0
1390848254620000529,-0.16706709362233402,0
1390896632620000525,-0.16594612474195136,0
1390920415620000174,-0.16895429346678242,0
1390931677620000213,-0.16765669838111608,0
1390933398620000123,-0.1681516331195671,0
1390946403620000570,-0.16800367321161203,0
1390983684620000688,-0.16759747454426394,0
1391059663620000525,-0.16761853661682635,0
1391061420620000616,-0.1678968639067821,0
1391167474620000513,-0.16846040878790908,0
1391188315620000389,-0.1693068976796398,0
1391195135620000527,-0.1656416356517857,0
1391320143620000311,-0.16680579619059666,0
1391421036620000611,-0.16853235771069092,0
1391424182620000320,-0.16677749800392755,0
1391449485620000623,-0.1684029778916225,0
1391494373620000333,-0.16808997646975454,0
1391531653620000686,-0.16637718957918185,0
1391534735620000668,-0.1677654313473611,0
1391544289620000612,-0.16690069093336568,0
1391617324620000251,-0.1680721697111594,0
1391629279620000403,-0.1675247734853218,0
1391689514620000901,-0.16679350878413818,0
1391710794620000099,-0.16667094482478073,0
1391745207620000600,-0.16767276923523255,0
1391761813620000633,-0.16735737427231395,0
1391771971620000188,-0.16822385514624405,0
1391780656620000136,-0.16814232740406782,0
1391901669620000256,-0.16620426501310803,0
1391921151620000233,-0.16656760841870788,0
1391945451620000492,-0.16836947488742826,0
1391962163620000187,-0.16697024367479263,0
1392022794620000502,-0.16877468238502907,0
1392049998620000611,-0.16762955451000655,0
1392117996620000601,-0.1673098272564374,0
1392174887620000517,-0.16765699237523574,0
1392222647620000153,-0.16774025357944,0
1392227665620000020,-0.16600881157489744,0
1392325366620000586,-0.1671958703912173,0
1392368973620000678,-0.1679390201983878,0
1392428531620000403,-0.16660150814233327,0
1392531720620000273,-0.16791771271997835,0
1392667181620000188,-0.1675943875703862,0
1392709070620000389,-0.16861226139632784,0
1392807947620000036,-0.16695840043231558,0
1392821098620000032,-0.16503998193918695,0
1392823265620000297,-0.16522360350813337,0
1392844827620000060,-0.16856030234459113,0
1392858218620000089,-0.16640741591113783,0
1392894583620000343,-0.1679288966215508,0
1392896288620000107,-0.16807507802085037,0
1392921144620000007,-0.16696400853812782,0
1392958438620000364,-0.16872776923939564,0
1392971052620000400,-0.167729076403832,0
1392997674620000074,-0.168325070549259,0
1393010055620000186,-0.1687813562969438,0
1393037616620000488,-0.16756403343231957,0
1393057409620000230,-0.16759524510779988,0
1393084572620000020,-0.16696484524485272,0
1393112652620000529,-0.1688355662065395,0
1393121213620000136,-0.16882023889394254,0
1393124142620000423,-0.16779773437143441,0
1393136435620000184,-0.16828127075890803,0
1393270801620000680,-0.1670318442799642,0
1393340590620000012,-0.16756589986117554,0
1393342451620000680,-0.16808195358047823,0
1393353604620000408,-0.1686499420799797,0
1393411221620000588,-0.16630692068845354,0
1393434621620000440,-0.16727498353291753,0
1393461555620000901,-0.16699497883288456,0
1393518614620000620,-0.1676610274173192,0
1393586400620000146,-0.1685493168679526,0
1393589833620000108,-0.16851973071936788,0
1393598529620000523,-0.16847264649984828,0
1393599437620000596,-0.16749263744426113,0
1393600600620000363,-0.1674233763376849,0
1393604643620000192,-0.16831840174541657,0
1393631796620000450,-0.16648289427359858,0
1393634450620000603,-0.16736792733445904,0
1393636982620000351,-0.1683935248638307,0
1393672001620000094,-0.1677363069834198,0
1393679697620000391,-0.1674344630969769,0
1393744184620000494,-0.16570837444651398,0
1393801991620000503,-0.1680298907133096,0
1393850322620000026,-0.1676420735051139,0
1393866060620000484,-0.1692292134927068,0
1393866852620000515,-0.16779963315364388,0
1393971096620000345,-0.16649499923525196,0
1394126187620000257,-0.16652767209750097,0
1394132207620000334,-0.16895429346678242,0
1394133594620000407,-0.1683783529391581,0
1394146048620000012,-0.16804682039820973,0
1394209776620000142,-0.16750975775243881,0
1394250299620000440,-0.16760208857217418,0
1394281990620000235,-0.16612241643756936,0
1394286311620000344,-0.16740229676792706,0
1394298095620000144,-0.1672396356918957,0
1394315298620000179,-0.16830043951750295,0
1394345167620000398,-0.16842148179667743,0
1394443137620000470,-0.16695692625911995,0
1394492937620000467,-0.1679069802738919,0
1394540828620000285,-0.16869686680730817,0
1394556712620000400,-0.16732913279728379,0
1394576798620000527,-0.16797795016641953,0
1394604452620000247,-0.16713258705872713,0
1394700446620000470,-0.1652316282311282,0
1394719222620000296,-0.16794212895591387,0
1394719686620000243,-0.16639638902949622,0
1394808717620000327,-0.16692926696028287,0
1394894610620000112,-0.1682686337167696,0
1394898045620000156,-0.16892638373892388,0
1394935362620000542,-0.16643372106874954,0
1394974199620000364,-0.16858793496079927,0
1394981004620000632,-0.167886877218142,0
1395045415620000467,-0.1667241079645153,0
1395055444620000500,-0.1685083183144685,0
1395056487620000174,-0.16802301402051517,0
1395146964620000177,-0.16452505684221413,0
1395147483620000007,-0.16638067379588922,0
1395169645620000065,-0.16722475231474304,0
1395171401620000431,-0.16655087687657721,0
1395185538620000045,-0.1684391364618787,0
1395231412620000518,-0.16641495476418527,0
1395244661620000272,-0.16626804987146748,0
1395306247620000163,-0.16723449747876268,0
1395308872620000048,-0.16615740770415777,0
1395351504620000295,-0.16708751222342466,0
1395396200620000594,-0.16722642325053577,0
1395428660620000502,-0.16783457927425127,0
1395432278620000038,-0.16674939862992444,0
1395465288620000480,-0.1671531955945983,0
1395470058620000460,-0.16762391340048832,0
1395529731620000370,-0.16740904784485727,0
1395535719620000173,-0.1693068976796398,0
1395536653620000671,-0.1655453195798811,0
1395540636620000687,-0.16705816989728278,0
1395548572620000514,-0.1666760167630486,0
1395606378620000361,-0.16809112374224527,0
1395623157620000621,-0.1675146448850114,0
1395662311620000495,-0.1680445010449121,0
1395737750620000344,-0.16437319866164612,0
1395759888620000186,-0.16790981753696455,0
1395840232620000051,-0.16794484941431398,0
1395848410620000026,-0.16796468987038327,0
1395860835620000152,-0.16797959352537734,0
1395954050620000455,-0.1683463653332824,0
1395997906620000249,-0.16813685199688272,0
1396002043620000345,-0.16829422198388022,0
1396029610620000053,-0.16760258467736072,0
1396100026620000482,-0.1669610151170638,0
1396106270620000900,-0.168731974503666,0
1396138958620000020,-0.16753692947362042,0
1396141824620000561,-0.16562789775903825,0
1396152145620000692,-0.1676201147264621,0
1396344393620000269,-0.16701762531218062,0
1396354476620000049,-0.16742598363459898,0
1396361028620000027,-0.16704886128634427,0
1396369045620000075,-0.166063233226592,0
1396396090620000649,-0.16837615737898098,0
1396425441620000324,-0.1689023743706548,0
1396436315620000066,-0.16702806374446588,0
1396438378620000540,-0.1663743377031463,0
1396452243620000021,-0.16813058543955822,0
1396455928620000649,-0.16875343124754189,0
1396487562620000297,-0.1657104117412198,0
1396575004620000611,-0.16729909075096439,0
1396608528620000626,-0.1686367649139962,0
1396619970620000392,-0.16638880294299563,0
1396657488620000440,-0.1668113569991247,0
1396883549620000352,-0.1674385646588054,0
1396942656620000286,-0.1656304454861735,0
1396976368620000101,-0.16821476975577737,0
1396983944620000667,-0.16797597306216178,0
1397032291620000031,-0.16656006601627665,0
1397078684620000045,-0.1685100732797598,0
1397079715620000665,-0.16787338505483124,0
1397155553620000626,-0.16731204041404035,0
1397160998620000199,-0.168456620158281,0
1397182134620000199,-0.16781271542280057,0
1397244981620000430,-0.1684150899614471,0
1397264227620000012,-0.1685733531399935,0
1397300812620000901,-0.16649457114001914,0
1397307203620000196,-0.16808997646975454,0
1397359199620000160,-0.16744861746380962,0
1397462078620000120,-0.1678008101089859,0
1397465074620000224,-0.16615276535633022,0
1397558331620000242,-0.16833689224731996,0
1397564192620000494,-0.16827347516631153,0
1397565506620000409,-0.16892638373892388,0
1397579189620000384,-0.16709008817831378,0
1397758634620000391,-0.1668303775044398,0
1397795721620000546,-0.1693068976796398,0
1397818581620000616,-0.16781972385331506,0
1397845271620000326,-0.16814499379361125,0
1397911063620000067,-0.16861226139632784,0
1398069487620000100,-0.16683927466333498,0
1398075235620000578,-0.1677761685998752,0
1398117857620000367,-0.16706370144836086,0
1398140498620000548,-0.16735932664809167,0
1398174856620000440,-0.166981553562914,0
1398244641620000668,-0.1686086611132635,0
1398248810620000309,-0.16548952151563773,0
1398273807620000343,-0.1667437067755349,0
1398283515620000500,-0.1668165724236107,0
1398288894620000136,-0.168731974503666,0
1398317784620000076,-0.16875343124754189,0
1398329257620000676,-0.16853235771069092,0
1398343920620000137,-0.1670133057898862,0
1398354418620000657,-0.1676270432553681,0
1398357721620000327,-0.16612809415292967,0
1398369115620000074,-0.16715956935068282,0
1398387903620000338,-0.16763799138861518,0
1398409169620000561,-0.16664853336732738,0
1398413238620000172,-0.16899315473019694,0
1398448657620000297,-0.1683463653332824,0
1398473609620000483,-0.16892638373892388,0
1398511825620000640,-0.16764337134920715,0
1398538206620000243,-0.16671515907540163,0
1398551626620000509,-0.16621124714857993,0
1398616017620000195,-0.16508598709818162,0
1398667240620000225,-0.16722019667929477,0
1398684820620000226,-0.16794079711238485,0
1398685943620000697,-0.16743974295820918,0
1398701504620000013,-0.16527139992801043,0
1398707753620000421,-0.1669059789052832,0
1398764161620000126,-0.16684320294100163,0
1398782462620000523,-0.169134154078178,0
1398786546620000611,-0.16689081865461797,0
1398847782620000279,-0.1681236173405089,0
1398889826620000570,-0.16892638373892388,0
1398924635620000450,-0.167740401478712,0
1398928351620000092,-0.16785069082519832,0
1399012885620000329,-0.16687544128791104,0
1399090309620000005,-0.16761746387361992,0
1399110835620000057,-0.16773141251164886,0
1399120316620000002,-0.16802413862014376,0
1399149281620000600,-0.16690558530609767,0
1399162569620000226,-0.1657667933967069,0
1399190091620000213,-0.16749023378204858,0
1399276006620000031,-0.16554380801285196,0
1399295191620000332,-0.1688245903169257,0
1399309198620000068,-0.1685083183144685,0
1399328032620000320,-0.16833349480866966,0
1399382011620000321,-0.16652945395254337,0
1399426045620000611,-0.16824237666629632,0
1399478217620000327,-0.16725041462946344,0
1399519884620000351,-0.16606251717744225,0
1399568724620000177,-0.16856030234459113,0
1399606226620000616,-0.16869686680730817,0
1399627448620000314,-0.16680014844942498,0
1399644853620000685,-0.16854767647186997,0
1399705746620000342,-0.16798782736972007,0
1399706403620000351,-0.16711036531126316,0
1399752372620000625,-0.16659575965273649,0
1399755210620000184,-0.16801417707200328,0
1399758000620000554,-0.1677277726570509,0
1399758505620000503,-0.1692292134927068,0
1399758819620000546,-0.1672675817587041,0
1399759701620000904,-0.16812519609974758,0
1399780662620000509,-0.16636263611289942,0
1399807257620000434,-0.1677697221770541,0
1399814525620000073,-0.1684260801128432,0
1399828616620000229,-0.16628210829840634,0
1399890650620000308,-0.1670230947207892,0
1399917982620000156,-0.16831840174541657,0
1399951801620000617,-0.16786645802423084,0
1399970287620000606,-0.16781702879943317,0
1399989308620000341,-0.16748536896160732,0
1399990591620000606,-0.1678153845950492,0
1399996353620000576,-0.1678407238084882,0
1400094918620000430,-0.16703543744799343,0
1400150828620000440,-0.1680631146277558,0
1400241181620000044,-0.16739576367589948,0
1400260454620000077,-0.16762816336027714,0
1400307736620000381,-0.1686515819442277,0
1400335115620000672,-0.16892638373892388,0
1400387717620000460,-0.1682994449213095,0
1400394375620000213,-0.16853235771069092,0
1400406227620000518,-0.1680654078163123,0
1400437238620000333,-0.16750975775243881,0
1400443501620000345,-0.1666304086513043,0
1400449069620000657,-0.1668638082158727,0
1400472526620000616,-0.16782149790977957,0
1400485885620000470,-0.16801548408410727,0
1400512833620000049,-0.16582383950033464,0
1400559884620000455,-0.16872940869890157,0
1400570598620000071,-0.16829270432195692,0
1400576010620000099,-0.1685066777051708,0
1400590456620000594,-0.16635097108047642,0
1400653653620000024,-0.16763209991098765,0
1400664345620000128,-0.1692292134927068,0
1400685076620000146,-0.16781027492937634,0
1400744870620000269,-0.1679390201983878,0
1400752724620000188,-0.1661603603983905,0
1400755750620000450,-0.167442091886516,0
1400784662620000506,-0.16587284050774542,0
1400836461620000494,-0.16673464770864377,0
1400898507620000651,-0.1663693085629811,0
1400932047620000032,-0.1674561572334088,0
1400952063620000148,-0.16625443087849562,0
1401095303620000004,-0.165415382984004,0
1401135200620000224,-0.1676093006002095,0
1401140823620000013,-0.16899315473019694,0
1401184932620000173,-0.1665477460031335,0
1401193702620000569,-0.168456620158281,0
1401195426620000304,-0.16674636441476837,0
1401206096620000258,-0.1668856499096163,0
1401215684620000002,-0.16719817009507493,0
1401227795620000249,-0.16521378629038058,0
1401266117620000136,-0.16660214234051074,0
1401267711620000048,-0.16571215752855883,0
1401268529620000671,-0.16672116737179232,0
1401324696620000060,-0.16769025306543978,0
1401345650620000104,-0.1671361590414709,0
1401360015620000022,-0.16633545600404886,0
1401360892620000506,-0.16842866633855286,0
1401366874620000608,-0.1682164118831494,0
1401386189620000128,-0.16630296004451817,0
1401388453620000235,-0.16678708264554892,0
1401390472620000156,-0.16773872690096264,0
1401397877620000455,-0.16532554985541198,0
1401501906620000006,-0.16743816394880895,0
1401521001620000525,-0.16738694009739324,0
1401546221620000495,-0.16691627911947932,0
1401574640620000621,-0.16805261085023787,0
1401589645620000245,-0.16559274059352436,0
1401592705620000140,-0.16698152988481169,0
1401604380620000344,-0.1672968059566311,0
1401606770620000195,-0.16827347516631153,0
1401707288620000251,-0.168205099596486,0
1401710276620000665,-0.168301787470019,0
1401714081620000215,-0.16849554281483314,0
1401721695620000331,-0.1670587527319226,0
1401736580620000295,-0.16767763117512519,0
1401876289620000005,-0.1681662444441389,0
1401879025620000588,-0.1688245903169257,0
1401886716620000311,-0.16851973071936788,0
1401919266620000307,-0.16616040021137407,0
1401966884620000329,-0.16764322085490302,0
1401973889620000045,-0.16833349480866966,0
1401998461620000116,-0.16802822401600587,0
1402023216620000108,-0.1683935248638307,0
1402044183620000429,-0.16892638373892388,0
1402063659620000600,-0.16413535464298012,0
1402124998620000460,-0.16512226647843248,0
1402164596620000198,-0.167444866159421,0
1402167485620000039,-0.1662254239705383,0
1402179725620000196,-0.16851973071936788,0
1402180216620000057,-0.167167420467003,0
1402198169620000105,-0.1666865925351414,0
1402198662620000618,-0.16872776923939564,0
1402247539620000153,-0.16650548093177953,0
1402301292620000001,-0.16841344886731063,0
1402339588620000398,-0.16583924424590007,0
1402341440620000002,-0.16789240869683408,0
1402374960620000012,-0.1670783631049828,0
1402397697620000258,-0.16607376289815518,0
1402407659620000015,-0.16845448230900362,0
1402409327620000468,-0.1674969594923716,0
1402453876620000657,-0.1684287959637254,0
1402457694620000345,-0.16763799138861518,0
1402494291620000023,-0.1688486056125138,0
1402496869620000432,-0.1670133057898862,0
1402499917620000347,-0.1676664276986759,0
1402499981620000632,-0.16757981492876556,0
1402572126620000163,-0.16587815420637103,0
1402659356620000674,-0.16831840174541657,0
1402678261620000066,-0.1667583474234572,0
1402683969620000361,-0.16773909865504022,0
1402684247620000345,-0.16682105287666443,0
1402777623620000482,-0.16787863256065066,0
1402876298620000129,-0.1675866621113123,0
1402918493620000163,-0.1659599681519222,0
1402941029620000372,-0.16505737842208773,0
1403025377620000326,-0.16841560955628337,0
1403031662620000197,-0.1683970981983715,0
1403217284620000120,-0.1663170137474566,0
1403220367620000482,-0.16637219946064885,0
1403250699620000488,-0.1681362837791568,0
1403252066620000058,-0.1659423785060683,0
1403257367620000320,-0.16727030758043926,0
1403311455620000190,-0.16810452561429978,0
1403319014620000671,-0.1675118300791934,0
1403328760620000624,-0.16675607817714921,0
1403335764620000698,-0.1662870761996586,0
1403364503620000042,-0.1670083049732214,0
1403367819620000376,-0.16892638373892388,0
1403369893620000001,-0.16755497726807028,0
1403404162620000671,-0.16748888202851558,0
1403405773620000239,-0.16647045089925527,0
1403465814620000542,-0.16734091739438534,0
1403490409620000633,-0.1664893358545672,0
1403507420620000252,-0.16573109562674182,0
1403513213620000370,-0.16699203510817923,0
1403520552620000144,-0.16713089966462724,0
1403531742620000625,-0.16609154891340105,0
1403548475620000570,-0.16867561042344098,0
1403577615620000577,-0.16763835486372713,0
1403585871620000222,-0.1686086611132635,0
1403593915620000391,-0.1684029778916225,0
1403595923620000667,-0.16875343124754189,0
1403620225620000398,-0.16734019954135126,0
1403636863620000171,-0.16621669813364426,0
1403656529620000618,-0.16811552658180645,0
1403688665620000676,-0.16872940869890157,0
1403688672620000509,-0.16828127075890803,0
1403696315620000594,-0.16757027669329283,0
1403798885620000341,-0.1641073745198251,0
1403842317620000621,-0.16882295135241654,0
1403861596620000330,-0.16773733219043924,0
1404011772620000060,-0.16660385760042895,0
1404079583620000423,-0.1684391364618787,0
1404106055620000434,-0.1674464975344861,0
1404114461620000569,-0.16642416747361805,0
1404115527620000022,-0.16483457704615673,0
